t,Ki,Mi,Ni,Vxi,Vyi,Vzi,Txi,Tyi,Tzi,Rxi,Ryi,Rzi,XX,YY,ZZ,XY,XZ,YZ,XVX,XVY,XVZ,YVX,YVY,YVZ,ZVX,ZVY,ZVZ,step,KEe,MEe,E,NP,L,SP,TP,VV,QP,MP,NS,VS,DT,ET,B,FV,EX,MEM,SE,OS,CR,LV,Ered,Bred,gas_index,duration,NN,pct_ion,Nmin,EP_0,DE,autostep,pc_scale,indeck,vdf_init,downsample,n,analytic_cs,nsamples,mix_thresh,fixed_background,eadf,ECS,egen,eesd,directory,n_gas,mobN,k_i,k_tot,k_1,k_2,k_3,k_4,k_5,k_6,k_7,k_8,k_9,k_10,k_11,k_12,k_13,k_14,k_15,k_16,k_17,k_18,k_19,k_20,k_21,k_22,k_23,k_24,k_25,k_26,k_27,k_28,k_29,k_30,k_31,k_32,k_33,D_XX_bulk,D_XX,D_YY_bulk,D_YY,D_ZZ_bulk,D_ZZ,D_H_bulk,D_H,Wz,mobN_bulk,a_n_bulk,a_n
0.0,0.0,0.0,1e+22,0.0,0.0,0.0,0.0,0.0,0.0,0.0,0.0,0.0,0.0,0.0,0.0,0.0,0.0,0.0,0.0,0.0,0.0,0.0,0.0,0.0,0.0,0.0,0.0,0.0,0.0,0.0,-10.0,10000 1000,1e-06,2,0.0 0.0259,0.0 0.0,-1.0 0.0,0.00054857 28.0,30000,1000,0,0.0,0.0 0.0 0.0,1000 1000000 0,0,0.0,0,100,0,,10,,1,,,10,1.0,10.0,0.1,True,{},,,False,3,mixed,250,300,True,Ar_Aubin,,False,uniform,Argon_Aubin_Model3/10Td,1.0000000000000001e+21,0.0,,,,,,,,,,,,,,,,,,,,,,,,,,,,,,,,,,,,,0.0,,0.0,,0.0,,0.0,,,,
5.33181e-07,12251.0,1.2251,1e+22,33.1372,3814.46,95067.8,0.805304,0.806443,0.786978,0.000624845569,0.000312941388,0.122525877,0.00249828906,0.00242240057,0.0179865775,3.18623616e-05,0.000108996711,-1.25933705e-05,9295.01615,84.6629287,152.862862,99.8897677,9104.68953,-351.796575,62.1579223,367.971022,17403.1272,100.0,12250.967323,1.225096732,-10.0,10000 1000,1e-06,2,0.0 0.0259,0.0 0.0,-1.0 0.0,0.00054857 28.0,30000,1000,0,0.0,0.0 0.0 0.0,1000 1000000 0,0,0.0,0,100,0,,10,,1,,,10,1.0,10.0,0.1,True,{},,,False,3,mixed,250,300,True,Ar_Aubin,,False,uniform,Argon_Aubin_Model3/10Td,1.0000000000000001e+21,9.506780000000002e+24,0.0,6.186642059638283e-15,6.186642059638285e-15,0.0,0.0,0.0,0.0,0.0,0.0,0.0,0.0,0.0,0.0,0.0,0.0,0.0,0.0,0.0,0.0,0.0,0.0,0.0,0.0,0.0,0.0,0.0,0.0,0.0,0.0,0.0,0.0,0.0,0.0,0.0,0.0,2342.449025766954,9294.99544436741,2271.557536453546,9103.49582759313,2788.9093622811674,5754.861630539399,60.836675854374015,151.5579262240974,229801.65647313013,2.2980165647313015e+25,0.0,0.0
1.06636e-06,15978.6,1.59786,1e+22,-3364.08,7193.4,56473.5,1.06415,1.05776,1.05532,0.000223968615,0.00115571218,0.159875075,0.0140221051,0.0136297489,0.0333584842,-6.04389756e-06,-3.67674825e-05,0.000178899765,9885.54064,-562.775165,155.208248,383.178891,9659.24085,-190.215252,-1039.41381,1226.79842,12083.3421,200.0,15978.63317,1.597863317,-10.0,10000 1000,1e-06,2,0.0 0.0259,0.0 0.0,-1.0 0.0,0.00054857 28.0,30000,1000,0,0.0,0.0 0.0 0.0,1000 1000000 0,0,0.0,0,100,0,,10,,1,,,10,1.0,10.0,0.1,True,{},,,False,3,mixed,250,300,True,Ar_Aubin,,False,uniform,Argon_Aubin_Model3/10Td,1.0000000000000001e+21,5.647350000000002e+24,0.0,2.0708164769562304e-14,2.0708164769562307e-14,0.0,0.0,0.0,0.0,0.0,0.0,0.0,0.0,0.0,0.0,0.0,0.0,0.0,0.0,0.0,0.0,0.0,0.0,0.0,0.0,0.0,0.0,0.0,0.0,0.0,0.0,0.0,0.0,0.0,0.0,0.0,0.0,10806.983285267659,9886.294088338349,10508.73023576358,9650.927350004387,4524.2212572874005,3054.6370519875,-196.95270703472573,-359.0213112732024,70049.75421104653,7.004975421104654e+24,0.0,0.0
1.59954e-06,18955.9,1.89559,1e+22,-1865.58,1957.67,42809.6,1.27642,1.2501,1.25419,-0.000375492933,0.00244738503,0.189758196,0.0253246842,0.0243317143,0.0473127931,-0.000437285477,3.52655876e-05,0.000281375351,8459.54619,-1172.692,653.313561,678.196448,9633.63102,-1248.3908,-1148.27967,591.414938,10466.7562,300.0,18955.875858,1.895587586,-10.0,10000 1000,1e-06,2,0.0 0.0259,0.0 0.0,-1.0 0.0,0.00054857 28.0,30000,1000,0,0.0,0.0 0.0 0.0,1000 1000000 0,0,0.0,0,100,0,,10,,1,,,10,1.0,10.0,0.1,True,{},,,False,3,mixed,250,300,True,Ar_Aubin,,False,uniform,Argon_Aubin_Model3/10Td,1.0000000000000001e+21,4.2809600000000006e+24,0.0,2.9126319204922907e-14,2.912631920492291e-14,0.0,0.0,0.0,0.0,0.0,0.0,0.0,0.0,0.0,0.0,0.0,0.0,0.0,0.0,0.0,0.0,0.0,0.0,0.0,0.0,0.0,0.0,0.0,0.0,0.0,0.0,0.0,0.0,0.0,0.0,0.0,0.0,10599.110121138763,8458.845677894053,10031.594690318983,9628.83984774832,3287.9787136837313,2343.283732518401,335.8951853078035,-124.88231144176308,56046.86025946157,5.604686025946159e+24,0.0,0.0
2.13272e-06,21377.9,2.13779,1e+22,4905.41,584.775,43572.1,1.43674,1.39358,1.43433,-0.000393713098,0.00248147993,0.214155499,0.0362329007,0.0347152131,0.0604555988,-0.000316134005,-0.000111728093,-3.20939951e-05,10443.7545,217.864225,455.256008,-937.250712,9208.03074,696.953102,1067.75919,-1163.47892,12195.4482,400.0,21377.943457,2.137794346,-10.0,10000 1000,1e-06,2,0.0 0.0259,0.0 0.0,-1.0 0.0,0.00054857 28.0,30000,1000,0,0.0,0.0 0.0 0.0,1000 1000000 0,0,0.0,0,100,0,,10,,1,,,10,1.0,10.0,0.1,True,{},,,False,3,mixed,250,300,True,Ar_Aubin,,False,uniform,Argon_Aubin_Model3/10Td,1.0000000000000001e+21,4.3572100000000004e+24,0.0,3.6149450186709575e-14,3.614945018670958e-14,0.0,0.0,0.0,0.0,0.0,0.0,0.0,0.0,0.0,0.0,0.0,0.0,0.0,0.0,0.0,0.0,0.0,0.0,0.0,0.0,0.0,0.0,0.0,0.0,0.0,0.0,0.0,0.0,0.0,0.0,0.0,0.0,10229.361591034938,10445.685824168058,9737.153753455275,9206.579632573934,3083.756639148258,2864.2433820221013,-251.19184144184234,489.64957812777584,45758.012757393844,4.575801275739385e+24,0.0,0.0
2.6659e-06,23395.2,2.33952,1e+22,-3828.2,-2596.71,36524.4,1.55239,1.56442,1.55452,-7.62031935e-05,0.00358185998,0.234547018,0.0468167357,0.0447381501,0.0726913377,9.54741121e-05,0.000215384591,0.000443849187,8225.49419,-275.355522,-444.314598,1062.66342,8940.25005,370.415393,-1509.41884,-1456.24039,12068.2575,500.0,23395.189028,2.339518903,-10.0,10000 1000,1e-06,2,0.0 0.0259,0.0 0.0,-1.0 0.0,0.00054857 28.0,30000,1000,0,0.0,0.0 0.0 0.0,1000 1000000 0,0,0.0,0,100,0,,10,,1,,,10,1.0,10.0,0.1,True,{},,,False,3,mixed,250,300,True,Ar_Aubin,,False,uniform,Argon_Aubin_Model3/10Td,1.0000000000000001e+21,3.6524400000000007e+24,0.0,4.251745654852667e-14,4.2517456548526676e-14,0.0,0.0,0.0,0.0,0.0,0.0,0.0,0.0,0.0,0.0,0.0,0.0,0.0,0.0,0.0,0.0,0.0,0.0,0.0,0.0,0.0,0.0,0.0,0.0,0.0,0.0,0.0,0.0,0.0,0.0,0.0,0.0,9925.320109940936,8225.202468934644,9392.931313875273,8949.551101628665,2893.963775197044,3501.5683957608,488.89606124838673,-1053.0572677717287,38245.02185936857,3.824502185936858e+24,0.0,0.0
3.19908e-06,25095.8,2.50958,1e+22,7116.93,-2847.1,23841.0,1.65067,1.69212,1.67281,0.000153952725,0.00385092411,0.251815608,0.0569286779,0.0552184603,0.084047219,0.00047141856,0.000438566876,0.000147690418,5884.5781,-429.489339,181.166388,267.649597,7962.49372,133.467066,3130.76441,-923.782672,6505.11826,600.0,25095.813758,2.509581376,-10.0,10000 1000,1e-06,2,0.0 0.0259,0.0 0.0,-1.0 0.0,0.00054857 28.0,30000,1000,0,0.0,0.0 0.0 0.0,1000 1000000 0,0,0.0,0,100,0,,10,,1,,,10,1.0,10.0,0.1,True,{},,,False,3,mixed,250,300,True,Ar_Aubin,,False,uniform,Argon_Aubin_Model3/10Td,1.0000000000000001e+21,2.3841000000000002e+24,0.0,4.782953631130891e-14,4.7829536311308916e-14,0.0,0.0,0.0,0.0,0.0,0.0,0.0,0.0,0.0,0.0,0.0,0.0,0.0,0.0,0.0,0.0,0.0,0.0,0.0,0.0,0.0,0.0,0.0,0.0,0.0,0.0,0.0,0.0,0.0,0.0,0.0,0.0,9482.637514732489,5883.482429232866,9826.22252519815,7973.457686033581,2773.0587926826497,501.5823496719995,312.3542552217093,1516.1063560398352,32387.85703166472,3.2387857031664724e+24,0.0,0.0
3.73226e-06,26756.2,2.67562,1e+22,13444.9,796.734,21996.0,1.78366,1.77701,1.78678,0.00060341362,0.00425556416,0.268736662,0.0663956003,0.0646066051,0.0957657735,0.00042949509,0.00072064235,0.000618492224,7438.79189,-452.744405,155.617767,378.929984,7197.18847,1093.01516,6056.54435,-888.538704,7549.23928,700.0,26756.170814,2.675617081,-10.0,10000 1000,1e-06,2,0.0 0.0259,0.0 0.0,-1.0 0.0,0.00054857 28.0,30000,1000,0,0.0,0.0 0.0 0.0,1000 1000000 0,0,0.0,0,100,0,,10,,1,,,10,1.0,10.0,0.1,True,{},,,False,3,mixed,250,300,True,Ar_Aubin,,False,uniform,Argon_Aubin_Model3/10Td,1.0000000000000001e+21,2.1996000000000002e+24,0.0,5.286478700478823e-14,5.2864787004788245e-14,0.0,0.0,0.0,0.0,0.0,0.0,0.0,0.0,0.0,0.0,0.0,0.0,0.0,0.0,0.0,0.0,0.0,0.0,0.0,0.0,0.0,0.0,0.0,0.0,0.0,0.0,0.0,0.0,0.0,0.0,0.0,0.0,8877.45624229364,7430.679054220463,8800.824288732254,7193.7979173445465,2729.1496035187047,1638.1076626479999,297.6171525335586,2585.7518840906796,31736.040856669668,3.173604085666967e+24,0.0,0.0
4.26544e-06,28223.7,2.82237,1e+22,-9917.23,3919.59,22188.1,1.85162,1.91998,1.8697,-0.000586508877,0.0036109398,0.283781805,0.0755241911,0.0736814452,0.107000717,0.000125360457,0.000242762319,0.000300840742,4763.49482,-3809.9459,55.8076166,-25.6142479,9347.15502,-1896.97433,-3619.75988,-66.890441,7519.82024,800.0,28223.690467,2.822369047,-10.0,10000 1000,1e-06,2,0.0 0.0259,0.0 0.0,-1.0 0.0,0.00054857 28.0,30000,1000,0,0.0,0.0 0.0 0.0,1000 1000000 0,0,0.0,0,100,0,,10,,1,,,10,1.0,10.0,0.1,True,{},,,False,3,mixed,250,300,True,Ar_Aubin,,False,uniform,Argon_Aubin_Model3/10Td,1.0000000000000001e+21,2.21881e+24,0.0,5.784508450226095e-14,5.784508450226096e-14,0.0,0.0,0.0,0.0,0.0,0.0,0.0,0.0,0.0,0.0,0.0,0.0,0.0,0.0,0.0,0.0,0.0,0.0,0.0,0.0,0.0,0.0,0.0,0.0,0.0,0.0,0.0,0.0,0.0,0.0,0.0,0.0,8560.517831031111,4757.678276569749,8514.848653722322,9333.001616469319,2740.367861799492,1223.2411724795002,-279.9801965791738,-736.6093157860864,28217.702806364035,2.821770280636404e+24,0.0,0.0
4.79863e-06,29555.0,2.9555,1e+22,-5293.29,3856.77,35766.7,1.95175,1.96188,1.98985,-0.00108799782,0.00418740862,0.297529804,0.0850056828,0.0827892169,0.117612933,-0.000147796433,-7.18442519e-07,0.000491485996,8536.68442,-1338.45211,119.296926,-15.5799826,7099.20785,-1038.05294,-2170.98686,2076.92339,15504.8256,900.0,29555.006839,2.955500684,-10.0,10000 1000,1e-06,2,0.0 0.0259,0.0 0.0,-1.0 0.0,0.00054857 28.0,30000,1000,0,0.0,0.0 0.0 0.0,1000 1000000 0,0,0.0,0,100,0,,10,,1,,,10,1.0,10.0,0.1,True,{},,,False,3,mixed,250,300,True,Ar_Aubin,,False,uniform,Argon_Aubin_Model3/10Td,1.0000000000000001e+21,3.57667e+24,0.0,6.233905559275367e-14,6.233905559275368e-14,0.0,0.0,0.0,0.0,0.0,0.0,0.0,0.0,0.0,0.0,0.0,0.0,0.0,0.0,0.0,0.0,0.0,0.0,0.0,0.0,0.0,0.0,0.0,0.0,0.0,0.0,0.0,0.0,0.0,0.0,0.0,0.0,8890.650598395732,8530.925332019371,8536.759745085043,7083.057978056642,2457.2749036252244,4863.1663592732,-161.68905333377532,-437.8643061562459,25784.862926473394,2.5784862926473396e+24,0.0,0.0
5.33181e-06,30910.0,3.091,1e+22,5082.26,2207.51,23462.6,2.00927,2.10424,2.06517,-0.00141449663,0.00417368474,0.311573721,0.0939944896,0.091212589,0.128443358,0.000223115211,-0.00018628887,0.00108726992,7840.67771,-1023.08808,-2025.49766,3289.33609,7357.51101,2856.23326,609.700064,2545.09726,8882.06118,1000.0,30909.965927,3.090996593,-10.0,10000 1000,1e-06,2,0.0 0.0259,0.0 0.0,-1.0 0.0,0.00054857 28.0,30000,1000,0,0.0,0.0 0.0 0.0,1000 1000000 0,0,0.0,0,100,0,,10,,1,,,10,1.0,10.0,0.1,True,{},,,False,3,mixed,250,300,True,Ar_Aubin,,False,uniform,Argon_Aubin_Model3/10Td,1.0000000000000001e+21,2.3462600000000001e+24,0.0,6.69414326466997e-14,6.694143264669971e-14,0.0,0.0,0.0,0.0,0.0,0.0,0.0,0.0,0.0,0.0,0.0,0.0,0.0,0.0,0.0,0.0,0.0,0.0,0.0,0.0,0.0,0.0,0.0,0.0,0.0,0.0,0.0,0.0,0.0,0.0,0.0,0.0,8428.647812412704,7847.866549642784,7899.27514919131,7348.297559199603,2134.571234245565,1571.7315936654004,-128.5909049027761,-2966.1084866584224,26339.867699711758,2.633986769971176e+24,0.0,0.0
5.86499e-06,32068.9,3.20689,1e+22,-420.915,-6838.62,22920.6,2.13427,2.14966,2.12659,-0.00181723494,0.00306498297,0.323719343,0.103393658,0.100390585,0.138436556,-9.69261266e-05,6.06953209e-05,0.000780746992,7207.40835,350.175418,1306.47894,1420.16705,8442.61331,-301.223747,-603.295536,-3017.39119,8577.22123,1100.0,32068.856511,3.206885651,-10.0,10000 1000,1e-06,2,0.0 0.0259,0.0 0.0,-1.0 0.0,0.00054857 28.0,30000,1000,0,0.0,0.0 0.0 0.0,1000 1000000 0,0,0.0,0,100,0,,10,,1,,,10,1.0,10.0,0.1,True,{},,,False,3,mixed,250,300,True,Ar_Aubin,,False,uniform,Argon_Aubin_Model3/10Td,1.0000000000000001e+21,2.2920600000000003e+24,0.0,7.11471339001202e-14,7.114713390012023e-14,0.0,0.0,0.0,0.0,0.0,0.0,0.0,0.0,0.0,0.0,0.0,0.0,0.0,0.0,0.0,0.0,0.0,0.0,0.0,0.0,0.0,0.0,0.0,0.0,0.0,0.0,0.0,0.0,0.0,0.0,0.0,0.0,8813.01739736519,7206.64344855523,8614.355653804725,8463.573563838301,2135.4554883184105,1157.3796568341995,739.9706917583035,881.0938464246091,22779.547658299838,2.277954765829984e+24,0.0,0.0
6.39817e-06,33136.2,3.31362,1e+22,-3380.24,14389.9,31385.5,2.19016,2.23709,2.19315,-0.00254303285,0.00447475555,0.334984948,0.111906316,0.109731807,0.148234933,3.39317341e-05,-0.000194840134,0.00122383437,11532.9408,1842.42157,-1055.7926,-2834.14344,4573.17204,552.854304,-1758.56261,3594.35513,13762.2171,1200.0,33136.200219,3.313620022,-10.0,10000 1000,1e-06,2,0.0 0.0259,0.0 0.0,-1.0 0.0,0.00054857 28.0,30000,1000,0,0.0,0.0 0.0 0.0,1000 1000000 0,0,0.0,0,100,0,,10,,1,,,10,1.0,10.0,0.1,True,{},,,False,3,mixed,250,300,True,Ar_Aubin,,False,uniform,Argon_Aubin_Model3/10Td,1.0000000000000001e+21,3.1385500000000004e+24,0.0,7.471271481917021e-14,7.471271481917022e-14,0.0,0.0,0.0,0.0,0.0,0.0,0.0,0.0,0.0,0.0,0.0,0.0,0.0,0.0,0.0,0.0,0.0,0.0,0.0,0.0,0.0,0.0,0.0,0.0,0.0,0.0,0.0,0.0,0.0,0.0,0.0,0.0,7979.929261124252,11524.344738639116,8749.92983937362,4508.780755111055,2229.7068404434517,3248.5470145460004,15.13214324234623,-1602.2113318588047,21129.044358294857,2.1129044358294863e+24,0.0,0.0
6.93135e-06,34086.7,3.40867,1e+22,-10820.6,-12348.4,4498.07,2.27355,2.27012,2.27203,-0.00371349931,0.00451416731,0.345113424,0.121725577,0.117351079,0.157427674,0.00020410704,-0.000499479278,0.00120868125,7195.57832,766.277718,778.295262,1983.2909,9296.06004,-649.594787,-4568.64014,-5638.39572,954.81344,1300.0,34086.695789,3.408669579,-10.0,10000 1000,1e-06,2,0.0 0.0259,0.0 0.0,-1.0 0.0,0.00054857 28.0,30000,1000,0,0.0,0.0 0.0 0.0,1000 1000000 0,0,0.0,0,100,0,,10,,1,,,10,1.0,10.0,0.1,True,{},,,False,3,mixed,250,300,True,Ar_Aubin,,False,uniform,Argon_Aubin_Model3/10Td,1.0000000000000001e+21,4.49807e+23,0.0,7.83660708089748e-14,7.836607080897481e-14,0.0,0.0,0.0,0.0,0.0,0.0,0.0,0.0,0.0,0.0,0.0,0.0,0.0,0.0,0.0,0.0,0.0,0.0,0.0,0.0,0.0,0.0,0.0,0.0,0.0,0.0,0.0,0.0,0.0,0.0,0.0,0.0,9201.3199447756,7155.396029366214,7144.776099232321,9351.802783610805,2160.9743797687,-597.53089909168,234.55747837262695,-39.306982424268426,18996.31832342112,1.8996318323421125e+24,0.0,0.0
7.46453e-06,34911.4,3.49114,1e+22,-3860.59,-1464.29,7157.67,2.33283,2.31251,2.33655,-0.00456900303,0.00439706015,0.354075673,0.130802594,0.126198581,0.165885665,0.000177181073,-0.000768040487,0.00170102468,7310.81525,93.6044036,-1954.92449,1246.42519,12636.0141,-3099.02412,-2051.70283,-775.002695,3549.97942,1400.0,34911.37336,3.491137336,-10.0,10000 1000,1e-06,2,0.0 0.0259,0.0 0.0,-1.0 0.0,0.00054857 28.0,30000,1000,0,0.0,0.0 0.0 0.0,1000 1000000 0,0,0.0,0,100,0,,10,,1,,,10,1.0,10.0,0.1,True,{},,,False,3,mixed,250,300,True,Ar_Aubin,,False,uniform,Argon_Aubin_Model3/10Td,1.0000000000000001e+21,7.157670000000002e+23,0.0,8.162312610539384e-14,8.162312610539386e-14,0.0,0.0,0.0,0.0,0.0,0.0,0.0,0.0,0.0,0.0,0.0,0.0,0.0,0.0,0.0,0.0,0.0,0.0,0.0,0.0,0.0,0.0,0.0,0.0,0.0,0.0,0.0,0.0,0.0,0.0,0.0,0.0,8505.489963480713,7293.176202592412,8297.881552924784,12642.452671207044,2055.2909936783662,1015.6225976380902,126.8483908664258,-2606.9829016551903,16809.01795075214,1.680901795075214e+24,0.0,0.0
7.99771e-06,35823.5,3.58235,1e+22,10419.8,7445.79,23887.2,2.42188,2.34588,2.39276,-0.0037743302,0.00467792871,0.364027262,0.139428942,0.135376356,0.175394449,0.000249366441,-0.000667813166,0.00194465921,2942.98113,-509.982271,2507.00491,-1101.75058,6158.4298,-662.681551,6262.33175,3442.46323,12955.3237,1500.0,35823.490174,3.582349017,-10.0,10000 1000,1e-06,2,0.0 0.0259,0.0 0.0,-1.0 0.0,0.00054857 28.0,30000,1000,0,0.0,0.0 0.0 0.0,1000 1000000 0,0,0.0,0,100,0,,10,,1,,,10,1.0,10.0,0.1,True,{},,,False,3,mixed,250,300,True,Ar_Aubin,,False,uniform,Argon_Aubin_Model3/10Td,1.0000000000000001e+21,2.3887200000000004e+24,0.0,8.476202265272017e-14,8.47618350991502e-14,0.0,0.0,0.0,0.0,0.0,0.0,0.0,0.0,0.0,0.0,0.0,0.0,0.0,0.0,0.0,0.0,0.0,0.0,0.0,0.0,0.0,0.0,0.0,0.0,1.8755356998842797e-19,0.0,0.0,0.0,0.0,0.0,0.0,0.0,8095.729424181951,2982.30889581796,8604.232072173307,6123.598925190369,2215.4941109925953,4259.7316871536,-269.30144396813984,5066.40357576584,18664.560440075766,1.8664560440075768e+24,0.0,0.0
8.53089e-06,36821.1,3.68211,1e+22,295.545,-4316.5,15291.2,2.46619,2.43738,2.45921,-0.00402916997,0.00295524952,0.374782016,0.147586897,0.144205722,0.185859921,-0.000477716848,-0.000265820024,0.00064921589,7643.0491,-3778.85573,1976.80897,3685.10401,11064.1873,193.35221,-134.652601,-2698.66755,7032.94022,1600.0,36821.061735,3.682106173,-10.0,10000 1000,1e-06,2,0.0 0.0259,0.0 0.0,-1.0 0.0,0.00054857 28.0,30000,1000,0,0.0,0.0 0.0 0.0,1000 1000000 0,0,0.0,0,100,0,,10,,1,,,10,1.0,10.0,0.1,True,{},,,False,3,mixed,250,300,True,Ar_Aubin,,False,uniform,Argon_Aubin_Model3/10Td,1.0000000000000001e+21,1.5291200000000003e+24,0.0,8.82882173220726e-14,8.828821732207262e-14,0.0,0.0,0.0,0.0,0.0,0.0,0.0,0.0,0.0,0.0,0.0,0.0,0.0,0.0,0.0,0.0,0.0,0.0,0.0,0.0,0.0,0.0,0.0,0.0,0.0,0.0,0.0,0.0,0.0,0.0,0.0,0.0,7648.403035565304,7644.2399010387835,8292.2267647294,11076.94363455308,2362.949882115472,1302.0734569408005,1009.2154401101067,1793.0022619265442,20170.92507047321,2.0170925070473213e+24,0.0,0.0
9.06407e-06,37717.0,3.7717,1e+22,-1583.93,-3324.4,12579.6,2.50427,2.49631,2.54183,-0.00389783542,0.0023758243,0.384563254,0.154934409,0.153730534,0.195432488,-0.000410493087,-0.000279538496,0.000602354183,7498.41126,172.895906,2212.95185,1544.98214,10531.9383,1867.92488,-1576.09607,540.675825,4725.33171,1700.0,37716.950797,3.77169508,-10.0,10000 1000,1e-06,2,0.0 0.0259,0.0 0.0,-1.0 0.0,0.00054857 28.0,30000,1000,0,0.0,0.0 0.0 0.0,1000 1000000 0,0,0.0,0,100,0,,10,,1,,,10,1.0,10.0,0.1,True,{},,,False,3,mixed,250,300,True,Ar_Aubin,,False,uniform,Argon_Aubin_Model3/10Td,1.0000000000000001e+21,1.2579600000000002e+24,0.0,9.17046931529818e-14,9.170469315298182e-14,0.0,0.0,0.0,0.0,0.0,0.0,0.0,0.0,0.0,0.0,0.0,0.0,0.0,0.0,0.0,0.0,0.0,0.0,0.0,0.0,0.0,0.0,0.0,0.0,0.0,0.0,0.0,0.0,0.0,0.0,0.0,0.0,6891.236831100263,7492.237361543199,8934.95919642766,10539.83649030292,2011.7279028657133,-112.3202000184001,-46.540749748401396,1295.0102653576519,18345.061058064755,1.8345061058064758e+24,0.0,0.0
9.59725e-06,38540.5,3.85405,1e+22,-5082.06,-267.378,14091.0,2.59665,2.5799,2.53027,-0.00179848217,0.00263358407,0.39391397,0.16326921,0.16388993,0.20491603,-0.00052084977,0.000706968525,0.000896885935,7297.04059,870.373609,1075.96757,-749.686434,5923.45684,1612.18434,-2532.75534,-3111.00689,5876.82859,1800.0,38540.467846,3.854046785,-10.0,10000 1000,1e-06,2,0.0 0.0259,0.0 0.0,-1.0 0.0,0.00054857 28.0,30000,1000,0,0.0,0.0 0.0 0.0,1000 1000000 0,0,0.0,0,100,0,,10,,1,,,10,1.0,10.0,0.1,True,{},,,False,3,mixed,250,300,True,Ar_Aubin,,False,uniform,Argon_Aubin_Model3/10Td,1.0000000000000001e+21,1.4091e+24,0.0,9.502064027037721e-14,9.502026516323726e-14,0.0,0.0,0.0,0.0,0.0,0.0,0.0,0.0,0.0,0.0,0.0,0.0,0.0,0.0,0.0,0.0,0.0,0.0,0.0,0.0,0.0,0.0,0.0,0.0,0.0,3.7510713997685595e-19,0.0,0.0,0.0,0.0,0.0,0.0,7827.322787989056,7287.9005957031295,9525.944075324041,5924.161002441469,2067.0490564251463,326.1868387300001,367.58624160886865,570.4490726356701,17537.601677479095,1.7537601677479097e+24,0.0,0.0
1.01304e-05,39292.1,3.92921,1e+22,-2483.56,5675.28,-1745.43,2.57933,2.68463,2.59422,-0.00322893371,0.00331996798,0.402599591,0.171378452,0.171272246,0.214501176,-0.000543647143,0.000565681329,0.00199775215,10376.387,-726.470842,2231.67713,-691.383583,8304.12221,-1708.77071,-1322.77892,3441.92226,-3891.64085,1900.0,39292.063449,3.929206345,-10.0,10000 1000,1e-06,2,0.0 0.0259,0.0 0.0,-1.0 0.0,0.00054857 28.0,30000,1000,0,0.0,0.0 0.0 0.0,1000 1000000 0,0,0.0,0,100,0,,10,,1,,,10,1.0,10.0,0.1,True,{},,,False,3,mixed,250,300,True,Ar_Aubin,,False,uniform,Argon_Aubin_Model3/10Td,1.0000000000000001e+21,1.7454300000000004e+23,0.0,9.822199215650968e-14,9.822161704936973e-14,0.0,0.0,0.0,0.0,0.0,0.0,0.0,0.0,0.0,0.0,0.0,0.0,0.0,0.0,0.0,0.0,0.0,0.0,0.0,0.0,0.0,0.0,0.0,1.8755356998842797e-19,0.0,1.8755356998842797e-19,0.0,0.0,0.0,0.0,0.0,0.0,7597.842501150861,10368.367749395193,6919.066487426915,8285.280462122466,2500.962232144098,-3188.93144588087,844.427958710452,1903.1425724585147,16290.19226116455,1.6290192261164553e+24,0.0,0.0
1.06636e-05,40002.1,4.00021,1e+22,4830.7,-9346.97,2220.41,2.6568,2.65228,2.69067,-0.00399926491,0.00295339709,0.411247228,0.179367381,0.179448688,0.223529171,-0.000638995252,-0.000154234599,0.00172765038,10450.2374,-770.41175,-1770.72521,-589.648701,6254.05484,-409.681839,2490.68918,-5841.20994,-1685.04542,2000.0,40002.069961,4.000206996,-10.0,10000 1000,1e-06,2,0.0 0.0259,0.0 0.0,-1.0 0.0,0.00054857 28.0,30000,1000,0,0.0,0.0 0.0 0.0,1000 1000000 0,0,0.0,0,100,0,,10,,1,,,10,1.0,10.0,0.1,True,{},,,False,3,mixed,250,300,True,Ar_Aubin,,False,uniform,Argon_Aubin_Model3/10Td,1.0000000000000001e+21,2.2204100000000004e+23,0.0,1.0105855234901468e-13,1.0105761458116475e-13,0.0,0.0,0.0,0.0,0.0,0.0,0.0,0.0,0.0,0.0,0.0,0.0,0.0,0.0,0.0,0.0,0.0,0.0,0.0,0.0,0.0,0.0,0.0,0.0,1.8755356998842797e-19,7.502142799537119e-19,0.0,0.0,0.0,0.0,0.0,0.0,7486.5391800188045,10469.556649000737,7669.760956426606,6281.660153998317,1866.292249426808,-2598.18287752348,-703.6948254662923,-1257.7680065007871,16218.951913140267,1.621895191314027e+24,0.0,0.0
1.11968e-05,40620.5,4.06205,1e+22,-779.101,15281.6,-12197.4,2.68385,2.69677,2.74131,-0.00316104916,0.00300090458,0.418583611,0.188035121,0.185793979,0.232321317,0.000364186367,-0.000190830726,0.00114171678,8020.69253,935.179777,-4743.3127,-1943.82085,4353.22706,-3443.95267,377.267785,5983.31224,-8789.67542,2100.0,40620.484863,4.062048486,-10.0,10000 1000,1e-06,2,0.0 0.0259,0.0 0.0,-1.0 0.0,0.00054857 28.0,30000,1000,0,0.0,0.0 0.0 0.0,1000 1000000 0,0,0.0,0,100,0,,10,,1,,,10,1.0,10.0,0.1,True,{},,,False,3,mixed,250,300,True,Ar_Aubin,,False,uniform,Argon_Aubin_Model3/10Td,1.0000000000000001e+21,1.2197400000000003e+24,0.0,1.0329381579613676e-13,1.032934406889968e-13,0.0,0.0,0.0,0.0,0.0,0.0,0.0,0.0,0.0,0.0,0.0,0.0,0.0,0.0,0.0,0.0,0.0,0.0,0.0,0.0,0.0,0.0,0.0,1.8755356998842797e-19,1.8755356998842797e-19,0.0,0.0,0.0,0.0,0.0,0.0,0.0,8133.9562812895065,8018.229753438395,5950.144628252854,4307.368436570272,2535.901635546517,-3684.043683188599,-671.6656507524694,-4078.4825861104737,13759.648224524131,1.3759648224524132e+24,0.0,0.0
1.173e-05,41190.6,4.11906,1e+22,-15105.7,-4839.92,4311.68,2.69935,2.77172,2.76552,-0.00216407481,0.00481307265,0.426730469,0.196031506,0.192050915,0.241108692,-1.8794855e-05,-0.000222001779,0.00146383259,873.012762,1295.09876,713.173042,-3454.31757,7647.12347,608.830594,-7424.69984,-2860.87734,1755.937,2200.0,41190.629128,4.119062913,-10.0,10000 1000,1e-06,2,0.0 0.0259,0.0 0.0,-1.0 0.0,0.00054857 28.0,30000,1000,0,0.0,0.0 0.0 0.0,1000 1000000 0,0,0.0,0,100,0,,10,,1,,,10,1.0,10.0,0.1,True,{},,,False,3,mixed,250,300,True,Ar_Aubin,,False,uniform,Argon_Aubin_Model3/10Td,1.0000000000000001e+21,4.3116800000000005e+23,0.0,1.0534565185181016e-13,1.0534340120897032e-13,0.0,0.0,0.0,0.0,0.0,0.0,0.0,0.0,0.0,0.0,0.0,0.0,0.0,0.0,0.0,0.0,0.0,0.0,0.0,0.0,0.0,0.0,0.0,9.377678499421398e-19,5.626607099652839e-19,7.502142799537119e-19,0.0,0.0,0.0,0.0,0.0,0.0,7503.731389536243,840.322897142583,5854.274402092413,7670.418356580189,1782.435256357026,-83.98822857792015,-808.0891223035536,-256.133554349919,15279.7230208878,1.5279723020887802e+24,0.0,0.0
1.22632e-05,41771.4,4.17714,1e+22,-2419.09,1031.2,7105.6,2.80866,2.78031,2.76499,-0.00229612853,0.00409726989,0.433890071,0.203526937,0.20084089,0.249441244,0.000479011962,4.71439951e-05,0.00153383706,7825.44362,1918.52468,174.691477,2843.00619,4636.48555,-6292.63256,115.465054,2573.22578,3159.31817,2300.0,41771.38494,4.177138494,-10.0,10000 1000,1e-06,2,0.0 0.0259,0.0 0.0,-1.0 0.0,0.00054857 28.0,30000,1000,0,0.0,0.0 0.0 0.0,1000 1000000 0,0,0.0,0,100,0,,10,,1,,,10,1.0,10.0,0.1,True,{},,,False,3,mixed,250,300,True,Ar_Aubin,,False,uniform,Argon_Aubin_Model3/10Td,1.0000000000000001e+21,7.105600000000001e+23,0.0,1.0762517794144952e-13,1.0762461528073956e-13,0.0,0.0,0.0,0.0,0.0,0.0,0.0,0.0,0.0,0.0,0.0,0.0,0.0,0.0,0.0,0.0,0.0,0.0,0.0,0.0,0.0,0.0,0.0,0.0,3.7510713997685595e-19,1.8755356998842797e-19,0.0,0.0,0.0,0.0,0.0,0.0,7028.421880709356,7819.889078434362,8248.93708495117,4632.260445289432,2035.7547067270896,76.26888150239984,641.3140873070116,1356.0910337381579,13428.089147962863,1.3428089147962865e+24,0.0,0.0
1.27963e-05,42327.4,4.23274,1e+22,11117.6,-2350.42,10897.7,2.84896,2.78368,2.83143,-0.00317482687,0.00346303053,0.441423469,0.212367603,0.2076963,0.258143562,0.00072690163,0.0010725054,0.00109634931,1847.09778,877.120707,-1707.27464,-4524.81314,10789.4937,930.450388,6705.57504,-944.688989,5730.44722,2400.0,42327.390826,4.232739083,-10.0,10000 1000,1e-06,2,0.0 0.0259,0.0 0.0,-1.0 0.0,0.00054857 28.0,30000,1000,0,0.0,0.0 0.0 0.0,1000 1000000 0,0,0.0,0,100,0,,10,,1,,,10,1.0,10.0,0.1,True,{},,,False,3,mixed,250,300,True,Ar_Aubin,,False,uniform,Argon_Aubin_Model3/10Td,1.0000000000000001e+21,1.0897700000000001e+24,0.0,1.0979986158546534e-13,1.0979836115690545e-13,0.0,0.0,0.0,0.0,0.0,0.0,0.0,0.0,0.0,0.0,0.0,0.0,0.0,0.0,0.0,0.0,0.0,0.0,0.0,0.0,0.0,0.0,0.0,5.626607099652839e-19,7.502142799537119e-19,1.8755356998842797e-19,0.0,0.0,0.0,0.0,0.0,0.0,8285.98419727243,1882.394235209912,6433.279730616612,10797.633276218323,1977.0328728809327,919.9466818786996,2683.0234468651106,125.3291518267988,14129.156890436876,1.4129156890436876e+24,0.0,0.0
1.33295e-05,42789.1,4.27891,1e+22,2474.29,6172.04,23441.2,2.88217,2.79747,2.8748,-0.00399909215,0.0040994273,0.448809288,0.220572226,0.2149502,0.266875714,0.000941431725,-0.000713112985,0.00103685782,4021.47841,-5054.83987,-4403.42669,5884.45812,6885.88535,3246.79077,250.727406,4526.2859,13867.0751,2500.0,42789.087009,4.278908701,-10.0,10000 1000,1e-06,2,0.0 0.0259,0.0 0.0,-1.0 0.0,0.00054857 28.0,30000,1000,0,0.0,0.0 0.0 0.0,1000 1000000 0,0,0.0,0,100,0,,10,,1,,,10,1.0,10.0,0.1,True,{},,,False,3,mixed,250,300,True,Ar_Aubin,,False,uniform,Argon_Aubin_Model3/10Td,1.0000000000000001e+21,2.3441200000000003e+24,0.0,1.118668894803078e-13,1.1186426373032797e-13,0.0,0.0,0.0,0.0,0.0,0.0,0.0,0.0,0.0,0.0,0.0,0.0,0.0,0.0,0.0,0.0,0.0,0.0,0.0,0.0,0.0,0.0,3.7510713997685595e-19,3.7510713997685595e-19,7.502142799537119e-19,1.1253214199305678e-18,0.0,0.0,0.0,0.0,0.0,0.0,7688.486449845636,4031.3733237158235,6797.960989104751,6860.583520727308,2022.8158814052294,3346.4468181344,-2611.180396416832,-5169.44009829894,13852.367207383533,1.3852367207383535e+24,0.0,0.0
1.38627e-05,43312.7,4.33127,1e+22,974.747,3668.78,25300.7,2.85995,2.90162,2.89725,-0.00544457115,0.0032230277,0.456292302,0.2289263,0.223184838,0.275762886,0.0007848802,-0.00124120391,0.000471873737,3574.427,-2101.10429,-5956.44861,57.3132513,6620.43961,3235.46801,2978.79006,3139.9694,14099.2234,2600.0,43312.664084,4.331266408,-10.0,10000 1000,1e-06,2,0.0 0.0259,0.0 0.0,-1.0 0.0,0.00054857 28.0,30000,1000,0,0.0,0.0 0.0 0.0,1000 1000000 0,0,0.0,0,100,0,,10,,1,,,10,1.0,10.0,0.1,True,{},,,False,3,mixed,250,300,True,Ar_Aubin,,False,uniform,Argon_Aubin_Model3/10Td,1.0000000000000001e+21,2.5300700000000003e+24,0.0,1.138266367331169e-13,1.13824948750987e-13,0.0,0.0,0.0,0.0,0.0,0.0,0.0,0.0,0.0,0.0,0.0,0.0,0.0,0.0,0.0,0.0,0.0,0.0,0.0,0.0,0.0,1.8755356998842797e-19,1.8755356998842797e-19,3.7510713997685595e-19,3.7510713997685595e-19,5.626607099652839e-19,0.0,0.0,0.0,0.0,0.0,0.0,7821.3809034987835,3579.734079394749,7728.196800554597,6608.615030434795,1982.7076833268072,2554.7087547886003,302.70260558496597,-3284.6766412027896,14034.659899733879,1.4034659899733882e+24,0.0,0.0
1.43959e-05,43824.6,4.38246,1e+22,10100.2,-8163.92,14042.9,2.92885,2.93541,2.89858,-0.00596393961,0.00327677477,0.463538868,0.236822902,0.230787191,0.285451874,-0.000248842809,-0.00122014773,0.000855346765,5204.15092,1396.13379,-3231.7468,-6812.50848,2735.62387,2312.61787,5186.99409,-5593.80396,9791.57594,2700.0,43824.617366,4.382461737,-10.0,10000 1000,1e-06,2,0.0 0.0259,0.0 0.0,-1.0 0.0,0.00054857 28.0,30000,1000,0,0.0,0.0 0.0 0.0,1000 1000000 0,0,0.0,0,100,0,,10,,1,,,10,1.0,10.0,0.1,True,{},,,False,3,mixed,250,300,True,Ar_Aubin,,False,uniform,Argon_Aubin_Model3/10Td,1.0000000000000001e+21,1.4042900000000002e+24,0.0,1.1600038260928275e-13,1.1599888218072288e-13,0.0,0.0,0.0,0.0,0.0,0.0,0.0,0.0,0.0,0.0,0.0,0.0,0.0,0.0,0.0,0.0,0.0,0.0,0.0,0.0,0.0,0.0,0.0,1.8755356998842797e-19,3.7510713997685595e-19,9.377678499421398e-19,0.0,0.0,0.0,0.0,0.0,0.0,7399.6229979459995,5264.387902848922,7128.9146224843735,2762.375197080298,2835.2198575509847,3282.1459705628013,565.0203068066454,-2642.8369770243307,13591.193234567641,1.3591193234567642e+24,0.0,0.0
1.49291e-05,44255.4,4.42554,1e+22,-16714.9,-4427.38,1896.74,2.96898,2.89777,2.98262,-0.00574318288,0.00281449261,0.470684441,0.244304677,0.238677886,0.295676816,-0.00128104396,-0.0016065302,0.00102910289,6376.58824,756.253608,2294.50764,-6961.51069,5771.1742,-3634.81577,-9205.88536,-1589.13013,1639.89211,2800.0,44255.439163,4.425543916,-10.0,10000 1000,1e-06,2,0.0 0.0259,0.0 0.0,-1.0 0.0,0.00054857 28.0,30000,1000,0,0.0,0.0 0.0 0.0,1000 1000000 0,0,0.0,0,100,0,,10,,1,,,10,1.0,10.0,0.1,True,{},,,False,3,mixed,250,300,True,Ar_Aubin,,False,uniform,Argon_Aubin_Model3/10Td,1.0000000000000001e+21,1.8967400000000004e+23,0.0,1.1750643777628985e-13,1.1750381202631004e-13,0.0,0.0,0.0,0.0,0.0,0.0,0.0,0.0,0.0,0.0,0.0,0.0,0.0,0.0,0.0,0.0,0.0,0.0,0.0,0.0,1.8755356998842797e-19,0.0,3.7510713997685595e-19,1.8755356998842797e-19,5.626607099652839e-19,1.3128749899189957e-18,0.0,0.0,0.0,0.0,0.0,0.0,7018.591647187901,6280.591512479088,7402.280730410086,5783.635028291662,3328.49552707142,747.12610337766,-839.6275602585063,966.9589675667121,13401.77725762924,1.3401777257629242e+24,0.0,0.0
1.54622e-05,44764.4,4.47644,1e+22,-3545.79,-8475.07,11359.1,2.9772,2.95864,3.01582,-0.00608230303,0.00259511898,0.478567949,0.25128865,0.246707936,0.305377531,-0.000299728293,-0.00104579843,0.00125196348,7274.086,524.404459,3010.63261,-244.275907,8638.71016,-943.48691,-3560.55269,-3945.17463,5481.24208,2900.0,44764.392681,4.476439268,-10.0,10000 1000,1e-06,2,0.0 0.0259,0.0 0.0,-1.0 0.0,0.00054857 28.0,30000,1000,0,0.0,0.0 0.0 0.0,1000 1000000 0,0,0.0,0,100,0,,10,,1,,,10,1.0,10.0,0.1,True,{},,,False,3,mixed,250,300,True,Ar_Aubin,,False,uniform,Argon_Aubin_Model3/10Td,1.0000000000000001e+21,1.1359100000000002e+24,0.0,1.1971563127718354e-13,1.197130055272037e-13,0.0,0.0,0.0,0.0,0.0,0.0,0.0,0.0,0.0,0.0,0.0,0.0,0.0,0.0,0.0,0.0,0.0,0.0,0.0,0.0,0.0,0.0,1.8755356998842797e-19,3.7510713997685595e-19,9.377678499421398e-19,1.1253214199305678e-18,0.0,0.0,0.0,0.0,0.0,0.0,6545.584650844997,7252.519430739257,7531.435597040568,8660.703975013828,2079.2903248764133,45.14089051409974,1440.9745149020964,1216.0708562327832,14785.800694323285,1.4785800694323286e+24,0.0,0.0
1.59954e-05,45125.0,4.5125,1e+22,-11930.9,6264.92,7404.38,2.9875,2.99095,3.04521,-0.00786374373,0.00258881633,0.485138473,0.258016481,0.253957549,0.313196934,0.000559245727,-0.00211543328,0.00160759318,2439.1664,-2259.48517,-6.59728087,749.017123,-1508.9778,-3203.79162,-9356.50895,4280.99559,4979.3323,3000.0,45125.046307,4.512504631,-10.0,10000 1000,1e-06,2,0.0 0.0259,0.0 0.0,-1.0 0.0,0.00054857 28.0,30000,1000,0,0.0,0.0 0.0 0.0,1000 1000000 0,0,0.0,0,100,0,,10,,1,,,10,1.0,10.0,0.1,True,{},,,False,3,mixed,250,300,True,Ar_Aubin,,False,uniform,Argon_Aubin_Model3/10Td,1.0000000000000001e+21,7.404380000000001e+23,0.0,1.2174439824374835e-13,1.2174158494019854e-13,0.0,0.0,0.0,0.0,0.0,0.0,0.0,0.0,0.0,0.0,0.0,0.0,0.0,0.0,0.0,0.0,0.0,0.0,0.0,0.0,0.0,0.0,0.0,7.502142799537119e-19,9.377678499421398e-19,1.1253214199305678e-18,0.0,0.0,0.0,0.0,0.0,0.0,6285.845655319371,2345.344859931743,6798.484635170694,-1525.1965272021434,1394.7860344750288,1387.18269328826,-310.26145160472834,-3516.741476554763,12323.252328946495,1.23232523289465e+24,0.0,0.0
1.65286e-05,45322.9,4.53229,1e+22,7797.63,5154.87,2461.41,3.03189,3.02719,3.00496,-0.00795046043,0.0018650231,0.490089016,0.264764254,0.261691799,0.320412688,0.000857329574,-0.00160797541,0.00103788555,11348.9926,-1047.55759,4370.45106,949.447048,7754.47359,1092.6024,4474.69986,6535.21404,4880.90738,3100.0,45322.869853,4.532286985,-10.0,10000 1000,1e-06,2,0.0 0.0259,0.0 0.0,-1.0 0.0,0.00054857 28.0,30000,1000,0,0.0,0.0 0.0 0.0,1000 1000000 0,0,0.0,0,100,0,,10,,1,,,10,1.0,10.0,0.1,True,{},,,False,3,mixed,250,300,True,Ar_Aubin,,False,uniform,Argon_Aubin_Model3/10Td,1.0000000000000001e+21,2.4614100000000004e+23,0.0,1.224111511850572e-13,1.224085254350774e-13,0.0,0.0,0.0,0.0,0.0,0.0,0.0,0.0,0.0,0.0,0.0,0.0,0.0,0.0,0.0,0.0,0.0,0.0,0.0,0.0,0.0,0.0,1.8755356998842797e-19,9.377678499421398e-19,9.377678499421398e-19,5.626607099652839e-19,0.0,0.0,0.0,0.0,0.0,0.0,6326.558564917021,11410.987348762781,7255.954037022073,7744.859638372503,2239.247442166462,3674.5973751274396,1104.477792063318,5043.187448974926,9284.92013031217,9.28492013031217e+23,0.0,0.0
1.70618e-05,45613.8,4.56138,1e+22,-2095.59,-1764.14,11207.9,3.04393,3.09432,2.98376,-0.00641927806,0.0011860436,0.495508893,0.270703808,0.269942428,0.328438748,0.00100931748,-0.000489297741,0.00102085211,3204.47617,-4922.27171,-515.092015,-1523.17541,11393.5059,3192.27863,-4099.15405,1538.00192,7082.64488,3200.0,45613.797689,4.561379769,-10.0,10000 1000,1e-06,2,0.0 0.0259,0.0 0.0,-1.0 0.0,0.00054857 28.0,30000,1000,0,0.0,0.0 0.0 0.0,1000 1000000 0,0,0.0,0,100,0,,10,,1,,,10,1.0,10.0,0.1,True,{},,,False,3,mixed,250,300,True,Ar_Aubin,,False,uniform,Argon_Aubin_Model3/10Td,1.0000000000000001e+21,1.1207900000000001e+24,0.0,1.237712896746133e-13,1.2376941413891344e-13,0.0,0.0,0.0,0.0,0.0,0.0,0.0,0.0,0.0,0.0,0.0,0.0,0.0,0.0,0.0,0.0,0.0,0.0,0.0,0.0,0.0,0.0,1.8755356998842797e-19,7.502142799537119e-19,0.0,9.377678499421398e-19,0.0,0.0,0.0,0.0,0.0,0.0,5590.556199712159,3191.0239950902446,7739.117308889885,11395.598246956504,2517.194500331763,1529.0307581452998,755.9416136061687,-3503.915957349456,10165.17280248174,1.0165172802481742e+24,0.0,0.0
1.7595e-05,46037.5,4.60375,1e+22,-14973.1,-5553.82,-518.662,3.11032,3.04242,3.0533,-0.00567025962,0.00137878982,0.502611823,0.276429504,0.277114775,0.337880847,0.000198975837,-0.000505554457,0.00166279057,8595.40057,-1847.5376,-3159.4098,-1947.5429,3516.85186,-7093.66439,-9330.99485,-5420.60298,65.0846713,3300.0,46037.466054,4.603746605,-10.0,10000 1000,1e-06,2,0.0 0.0259,0.0 0.0,-1.0 0.0,0.00054857 28.0,30000,1000,0,0.0,0.0 0.0 0.0,1000 1000000 0,0,0.0,0,100,0,,10,,1,,,10,1.0,10.0,0.1,True,{},,,False,3,mixed,250,300,True,Ar_Aubin,,False,uniform,Argon_Aubin_Model3/10Td,1.0000000000000001e+21,5.186620000000001e+22,0.0,1.2500989345081687e-13,1.2500745525440706e-13,0.0,0.0,0.0,0.0,0.0,0.0,0.0,0.0,0.0,0.0,0.0,0.0,0.0,0.0,0.0,0.0,0.0,0.0,0.0,0.0,0.0,0.0,0.0,3.7510713997685595e-19,1.1253214199305678e-18,9.377678499421398e-19,0.0,0.0,0.0,0.0,0.0,0.0,5377.865384037831,8510.499205683778,6725.5328284891675,3524.509410478113,2206.1152054388444,325.77032464082595,-651.0482498031635,-4967.688511233727,13321.798788778953,1.3321798788778955e+24,0.0,0.0
1.81281e-05,46419.8,4.64198,1e+22,-16684.1,-1479.34,14624.3,3.08368,3.09001,3.10745,-0.00525944231,0.00215594597,0.509243722,0.284123575,0.284409193,0.348004847,-0.000695605724,0.000791111397,0.00126109701,793.848851,4369.94102,-2343.42724,20.2867311,6534.32761,-1733.85045,-12323.6287,-2315.23986,11345.9521,3400.0,46419.780383,4.641978038,-10.0,10000 1000,1e-06,2,0.0 0.0259,0.0 0.0,-1.0 0.0,0.00054857 28.0,30000,1000,0,0.0,0.0 0.0 0.0,1000 1000000 0,0,0.0,0,100,0,,10,,1,,,10,1.0,10.0,0.1,True,{},,,False,3,mixed,250,300,True,Ar_Aubin,,False,uniform,Argon_Aubin_Model3/10Td,1.0000000000000001e+21,1.46243e+24,1.8755356998842793e-19,1.2651594861782394e-13,1.2651351042141414e-13,0.0,0.0,0.0,0.0,0.0,0.0,0.0,0.0,0.0,0.0,0.0,0.0,0.0,0.0,0.0,0.0,0.0,0.0,0.0,0.0,0.0,0.0,1.8755356998842797e-19,5.626607099652839e-19,5.626607099652839e-19,9.377678499421398e-19,0.0,0.0,0.0,0.0,0.0,1.8755356998842797e-19,7219.463100472462,706.099789555729,6837.894597090064,6537.51698711126,3201.0482584431948,3898.6191363554008,2110.0982726263514,-6093.867095605667,12438.36333252695,1.243836333252695e+24,1.5078637355604965e-23,1.2824789561786064e-23
1.86613e-05,46740.3,4.67403,1e+22,5881.36,3754.43,9620.73,3.12156,3.12181,3.10388,-0.00700953381,0.00158856697,0.515779979,0.291189079,0.291698866,0.357397115,-0.00145816015,0.000303554872,0.000660310787,330.196068,2003.11966,1284.94333,-1040.70945,8631.88462,4536.80709,4481.64526,5952.60571,8335.94432,3500.0,46740.28055,4.674028055,-10.0,10000 1000,1e-06,2,0.0 0.0259,0.0 0.0,-1.0 0.0,0.00054857 28.0,30000,1000,0,0.0,0.0 0.0 0.0,1000 1000000 0,0,0.0,0,100,0,,10,,1,,,10,1.0,10.0,0.1,True,{},,,False,3,mixed,250,300,True,Ar_Aubin,,False,uniform,Argon_Aubin_Model3/10Td,1.0000000000000001e+21,9.620730000000001e+23,1.8755356998842793e-19,1.2820974490838945e-13,1.2820655649769965e-13,0.0,0.0,0.0,0.0,0.0,0.0,0.0,0.0,0.0,0.0,0.0,0.0,0.0,0.0,0.0,0.0,0.0,0.0,0.0,0.0,0.0,1.8755356998842797e-19,0.0,1.1253214199305678e-18,5.626607099652839e-19,9.377678499421398e-19,0.0,0.0,0.0,0.0,1.8755356998842797e-19,1.8755356998842797e-19,6605.6669022139795,371.42165976878164,6838.01331818595,8625.920456510823,2524.8927279598834,3373.76440263533,843.0208479539076,2800.5376849204417,12258.983347118605,1.2258983347118607e+24,1.529927602295921e-23,1.949473376640109e-23
1.91945e-05,47231.4,4.72314,1e+22,9805.19,-9028.18,10150.6,3.19265,3.10294,3.14909,-0.0070256219,0.00122130118,0.524566842,0.29920066,0.300636583,0.369948145,-0.000999477648,0.000787348401,0.00060363816,3418.30102,2519.03368,3729.39367,605.313255,9402.351,1551.72304,5167.27219,-10513.729,6162.61383,3600.0,47231.360504,4.72313605,-10.0,10000 1000,1e-06,2,0.0 0.0259,0.0 0.0,-1.0 0.0,0.00054857 28.0,30000,1000,0,0.0,0.0 0.0 0.0,1000 1000000 0,0,0.0,0,100,0,,10,,1,,,10,1.0,10.0,0.1,True,{},,,False,3,mixed,250,300,True,Ar_Aubin,,False,uniform,Argon_Aubin_Model3/10Td,1.0000000000000001e+21,1.0150600000000001e+24,0.0,1.2984333650298863e-13,1.298393978780189e-13,0.0,0.0,0.0,0.0,0.0,0.0,0.0,0.0,0.0,0.0,0.0,0.0,0.0,0.0,0.0,0.0,0.0,0.0,0.0,0.0,0.0,0.0,1.8755356998842797e-19,1.3128749899189957e-18,1.3128749899189957e-18,1.1253214199305678e-18,0.0,0.0,0.0,0.0,0.0,0.0,7512.791342106863,3487.1885775976607,8382.47140131206,9413.377126887253,3197.4554713948155,837.9456435947995,1038.7178478742685,3824.5025841481593,16480.075246492237,1.648007524649224e+24,0.0,0.0
1.97277e-05,47449.8,4.74498,1e+22,6037.03,13.1108,13707.9,3.19729,3.12644,3.16495,-0.00614009055,0.0012609941,0.531708065,0.305676896,0.307811233,0.379627976,-0.0026836615,0.00124464803,0.000135061931,7543.51333,-25.4367093,1927.20287,-899.094754,2409.6903,1016.85409,3598.50378,2700.84923,10097.174,3700.0,47449.822108,4.744982211,-10.0,10000 1000,1e-06,2,0.0 0.0259,0.0 0.0,-1.0 0.0,0.00054857 28.0,30000,1000,0,0.0,0.0 0.0 0.0,1000 1000000 0,0,0.0,0,100,0,,10,,1,,,10,1.0,10.0,0.1,True,{},,,False,3,mixed,250,300,True,Ar_Aubin,,False,uniform,Argon_Aubin_Model3/10Td,1.0000000000000001e+21,1.3707900000000002e+24,0.0,1.3129537624183906e-13,1.3128956208116945e-13,0.0,0.0,0.0,0.0,0.0,0.0,0.0,0.0,0.0,0.0,0.0,0.0,0.0,0.0,0.0,0.0,0.0,0.0,0.0,0.0,1.8755356998842797e-19,0.0,3.7510713997685595e-19,1.5004285599074238e-18,2.2506428398611357e-18,1.5004285599074238e-18,0.0,0.0,0.0,0.0,0.0,0.0,6084.139017631481,7580.581240853066,6728.063706745026,2409.673767358554,2003.7626432757024,2808.573015786501,68.69524813570908,2399.9368576033953,13393.618677334665,1.3393618677334667e+24,0.0,0.0
2.02609e-05,47743.4,4.77434,1e+22,-6005.1,6981.35,1651.58,3.17158,3.14762,3.22899,-0.00635995284,0.00240180632,0.538966369,0.312509678,0.314128669,0.39112138,-0.00257631529,0.000306072403,0.000579403681,4039.11342,7265.18622,-1176.41179,4690.64413,8563.34853,1337.11431,-490.533436,3576.28266,3619.39454,3800.0,47743.424023,4.774342402,-10.0,10000 1000,1e-06,2,0.0 0.0259,0.0 0.0,-1.0 0.0,0.00054857 28.0,30000,1000,0,0.0,0.0 0.0 0.0,1000 1000000 0,0,0.0,0,100,0,,10,,1,,,10,1.0,10.0,0.1,True,{},,,False,3,mixed,250,300,True,Ar_Aubin,,False,uniform,Argon_Aubin_Model3/10Td,1.0000000000000001e+21,1.6515800000000002e+23,3.7510713997685585e-19,1.3222020289545199e-13,1.3221532650263232e-13,0.0,0.0,0.0,0.0,0.0,0.0,0.0,0.0,0.0,0.0,0.0,0.0,0.0,0.0,0.0,0.0,0.0,0.0,0.0,0.0,0.0,0.0,3.7510713997685595e-19,9.377678499421398e-19,1.3128749899189957e-18,1.8755356998842796e-18,0.0,0.0,0.0,0.0,0.0,3.7510713997685595e-19,6404.986028980041,4000.921267200516,5920.369848626849,8546.580679447867,3490.4877264945303,2729.24846428698,-1454.4978217139171,1580.105687393387,13613.208272612746,1.3613208272612748e+24,2.7554646374690525e-23,2.2712017581761455e-22
2.0794e-05,47930.2,4.79302,1e+22,12175.6,-4688.8,-124.859,3.15005,3.18546,3.24956,-0.00749727433,0.00249655668,0.545108434,0.321899356,0.321230504,0.401233385,-0.00206159466,-0.000253201569,0.00079658137,12202.5477,-6026.70899,-5108.36149,5655.57057,13024.2878,-2828.09529,7443.98712,-5398.27083,-1896.18193,3900.0,47930.200785,4.793020079,-10.0,10000 1000,1e-06,2,0.0 0.0259,0.0 0.0,-1.0 0.0,0.00054857 28.0,30000,1000,0,0.0,0.0 0.0 0.0,1000 1000000 0,0,0.0,0,100,0,,10,,1,,,10,1.0,10.0,0.1,True,{},,,False,3,mixed,250,300,True,Ar_Aubin,,False,uniform,Argon_Aubin_Model3/10Td,1.0000000000000001e+21,1.2485900000000001e+22,1.8755356998842793e-19,1.3312683685277605e-13,1.3312252312066636e-13,0.0,0.0,0.0,0.0,0.0,0.0,0.0,0.0,0.0,0.0,0.0,0.0,0.0,0.0,0.0,0.0,0.0,0.0,0.0,1.8755356998842797e-19,0.0,0.0,1.8755356998842797e-19,9.377678499421398e-19,1.3128749899189957e-18,1.5004285599074238e-18,0.0,0.0,0.0,0.0,0.0,1.8755356998842797e-19,8790.558813749662,12293.831513332347,6659.437300224767,13035.993654961185,3238.6254340568707,-1828.120236039194,187.08995277149967,-4302.33272118597,11519.662178509792,1.1519662178509794e+24,1.6281169281015344e-23,1.5021229546002126e-21
2.13272e-05,48081.9,4.80819,1e+22,-6957.15,-14101.2,-311.846,3.15496,3.25708,3.20292,-0.0063754085,0.00262286458,0.550945522,0.331282688,0.329745955,0.409433177,-0.00241127236,0.000709564143,0.00040446265,5839.35466,-945.967315,1394.12373,2408.09732,19172.8867,2637.14201,-1472.43401,-11275.5639,2370.63788,4000.0,48081.888879,4.808188888,-10.0,10000 1000,1e-06,2,0.0 0.0259,0.0 0.0,-1.0 0.0,0.00054857 28.0,30000,1000,0,0.0,0.0 0.0 0.0,1000 1000000 0,0,0.0,0,100,0,,10,,1,,,10,1.0,10.0,0.1,True,{},,,False,3,mixed,250,300,True,Ar_Aubin,,False,uniform,Argon_Aubin_Model3/10Td,1.0000000000000001e+21,3.1184600000000004e+22,0.0,1.343138633972328e-13,1.3430936211155312e-13,0.0,0.0,0.0,0.0,0.0,0.0,0.0,0.0,0.0,0.0,0.0,0.0,0.0,0.0,0.0,0.0,0.0,1.8755356998842797e-19,0.0,0.0,1.8755356998842797e-19,0.0,1.8755356998842797e-19,1.3128749899189957e-18,1.5004285599074238e-18,1.1253214199305678e-18,0.0,0.0,0.0,0.0,0.0,0.0,8813.98182684437,5794.999986754225,7984.909792970374,19209.872238015494,1689.884491457693,2542.4480372536123,728.534975366786,3752.712212743209,10947.666927366214,1.0947666927366214e+24,0.0,0.0
2.18604e-05,48203.9,4.82039,1e+22,-17850.3,-1886.06,15773.6,3.20596,3.15121,3.28037,-0.00688012407,0.00324912062,0.557231403,0.338453904,0.338219549,0.419295006,-0.00290205229,0.00110029202,0.0010942401,8425.33911,2876.91545,2585.2016,-3204.68048,1724.58934,-6846.66082,-10698.4188,-3874.41579,9355.27488,4100.0,48203.942723,4.820394272,-10.0,10000 1000,1e-06,2,0.0 0.0259,0.0 0.0,-1.0 0.0,0.00054857 28.0,30000,1000,0,0.0,0.0 0.0 0.0,1000 1000000 0,0,0.0,0,100,0,,10,,1,,,10,1.0,10.0,0.1,True,{},,,False,3,mixed,250,300,True,Ar_Aubin,,False,uniform,Argon_Aubin_Model3/10Td,1.0000000000000001e+21,1.5773600000000003e+24,0.0,1.34764929733055e-13,1.3475911557238537e-13,0.0,0.0,0.0,0.0,0.0,0.0,0.0,0.0,0.0,0.0,0.0,0.0,0.0,0.0,0.0,0.0,0.0,1.8755356998842797e-19,0.0,0.0,0.0,0.0,0.0,9.377678499421398e-19,1.8755356998842796e-18,2.8133035498264193e-18,0.0,0.0,0.0,0.0,0.0,0.0,6718.661886229359,8302.52683131328,7942.8155108693845,1730.7173764365573,2715.7388602596475,565.7296216392006,1335.4682581420434,1942.0548380014516,11789.394220724176,1.1789394220724177e+24,0.0,0.0
2.23936e-05,48414.2,4.84142,1e+22,2370.38,10121.7,27052.7,3.20183,3.2529,3.22334,-0.00526976196,0.00334748283,0.563876184,0.346384977,0.345649895,0.429977895,-0.00362445312,0.00229075038,0.00162470307,7854.75818,-3498.15672,-1781.69815,531.920588,4495.62668,-1992.25695,1472.68724,6202.62073,22995.3529,4200.0,48414.245498,4.84142455,-10.0,10000 1000,1e-06,2,0.0 0.0259,0.0 0.0,-1.0 0.0,0.00054857 28.0,30000,1000,0,0.0,0.0 0.0 0.0,1000 1000000 0,0,0.0,0,100,0,,10,,1,,,10,1.0,10.0,0.1,True,{},,,False,3,mixed,250,300,True,Ar_Aubin,,False,uniform,Argon_Aubin_Model3/10Td,1.0000000000000001e+21,2.7052700000000005e+24,0.0,1.3520811881893764e-13,1.3520324242611798e-13,0.0,0.0,0.0,0.0,0.0,0.0,0.0,0.0,0.0,0.0,0.0,0.0,0.0,0.0,0.0,0.0,0.0,0.0,0.0,0.0,0.0,0.0,1.8755356998842797e-19,9.377678499421398e-19,1.8755356998842796e-18,1.8755356998842796e-18,0.0,0.0,0.0,0.0,0.0,0.0,7455.853374467079,7867.249518354744,6967.331115987033,4461.744463039589,3032.1547532137342,7740.979657103202,615.420347411085,-1503.0504496546278,12462.52398341274,1.2462523983412743e+24,0.0,0.0
2.29268e-05,48584.4,4.85844,1e+22,-455.963,-10190.7,1783.03,3.23584,3.18554,3.2949,-0.00438361986,0.00411459793,0.569777184,0.354111455,0.353641687,0.440666956,-0.00444572345,0.00218531188,0.00185316321,16861.951,7209.75281,-1758.21967,-5780.03046,3175.30824,-2634.98656,3601.56156,-7949.64916,1986.64275,4300.0,48584.425317,4.858442532,-10.0,10000 1000,1e-06,2,0.0 0.0259,0.0 0.0,-1.0 0.0,0.00054857 28.0,30000,1000,0,0.0,0.0 0.0 0.0,1000 1000000 0,0,0.0,0,100,0,,10,,1,,,10,1.0,10.0,0.1,True,{},,,False,3,mixed,250,300,True,Ar_Aubin,,False,uniform,Argon_Aubin_Model3/10Td,1.0000000000000001e+21,1.7830300000000002e+23,1.8755356998842793e-19,1.363448810066375e-13,1.3634037972095782e-13,0.0,0.0,0.0,0.0,0.0,0.0,0.0,0.0,0.0,0.0,0.0,0.0,0.0,0.0,0.0,0.0,0.0,0.0,0.0,0.0,0.0,0.0,1.8755356998842797e-19,9.377678499421398e-19,1.8755356998842796e-18,1.1253214199305678e-18,0.0,0.0,0.0,0.0,1.8755356998842797e-19,1.8755356998842797e-19,7253.664579231182,16859.952231537776,7489.077560126462,3217.238873125251,3750.4829274036138,970.71293761248,-1086.3950235208774,2110.955329867168,11067.536165017216,1.1067536165017217e+24,1.694628029147589e-23,1.0518811797245584e-22
2.34599e-05,48419.8,4.84198,1e+22,15237.7,2874.17,11772.7,3.21937,3.20655,3.25588,-0.00426705426,0.00282555341,0.574112326,0.361548186,0.362332367,0.449164242,-0.00534578032,0.00243011183,0.00106182584,8878.0748,4552.79996,-3957.61823,8624.65626,5064.95368,-5129.79024,7031.60653,2624.92645,11590.3153,4400.0,48419.766052,4.841976605,-10.0,10000 1000,1e-06,2,0.0 0.0259,0.0 0.0,-1.0 0.0,0.00054857 28.0,30000,1000,0,0.0,0.0 0.0 0.0,1000 1000000 0,0,0.0,0,100,0,,10,,1,,,10,1.0,10.0,0.1,True,{},,,False,3,mixed,250,300,True,Ar_Aubin,,False,uniform,Argon_Aubin_Model3/10Td,1.0000000000000001e+21,1.1772700000000001e+24,1.8755356998842793e-19,1.36223533846855e-13,1.3621640681119547e-13,0.0,0.0,0.0,0.0,0.0,0.0,0.0,0.0,0.0,0.0,0.0,0.0,0.0,0.0,0.0,0.0,0.0,0.0,0.0,0.0,0.0,0.0,1.8755356998842797e-19,2.4381964098495636e-18,1.5004285599074238e-18,2.8133035498264193e-18,0.0,0.0,0.0,0.0,0.0,1.8755356998842797e-19,6974.872858390639,8943.094892697602,8158.229723164166,5056.8325591555795,3318.1626331767166,4831.463119699801,369.2588761031119,-5623.928340203498,8130.713585067657,8.130713585067658e+23,2.306729514281215e-23,1.5931228179468425e-23
2.39931e-05,48556.0,4.8556,1e+22,4717.55,-2243.05,-1344.14,3.26423,3.23406,3.21274,-0.00302632913,0.00101203623,0.578995692,0.36790523,0.369261045,0.458049589,-0.00573506274,0.00320063062,-0.000130339436,646.81853,5073.12699,-2665.36335,-4927.64419,130.134414,279.050118,8157.75334,-3843.54313,2553.57876,4500.0,48555.977745,4.855597774,-10.0,10000 1000,1e-06,2,0.0 0.0259,0.0 0.0,-1.0 0.0,0.00054857 28.0,30000,1000,0,0.0,0.0 0.0 0.0,1000 1000000 0,0,0.0,0,100,0,,10,,1,,,10,1.0,10.0,0.1,True,{},,,False,3,mixed,250,300,True,Ar_Aubin,,False,uniform,Argon_Aubin_Model3/10Td,1.0000000000000001e+21,1.3441400000000003e+23,0.0,1.3659639034399197e-13,1.3659320193330222e-13,0.0,0.0,0.0,0.0,0.0,0.0,0.0,0.0,0.0,0.0,0.0,0.0,0.0,0.0,0.0,0.0,0.0,0.0,0.0,0.0,0.0,0.0,0.0,5.626607099652839e-19,1.6879821298958517e-18,9.377678499421398e-19,0.0,0.0,0.0,0.0,0.0,0.0,5969.917423965524,661.0953889872316,6504.017898932977,132.4044618657015,3051.7765173284038,3331.83002944488,136.88010725682184,2756.881053168601,9158.927268601197,9.158927268601199e+23,0.0,0.0
2.45263e-05,48692.8,4.86928,1e+22,-6359.46,-1572.78,-7000.93,3.28573,3.23714,3.21517,-0.00194436833,0.00206004569,0.585082197,0.375487754,0.376660475,0.467997584,-0.00497933674,0.00264768516,0.000393888103,10188.7195,-932.221911,-4594.54031,523.710106,6632.67688,2682.77484,-4640.67389,1.45409045,-4557.22192,4600.0,48692.810391,4.869281039,-10.0,10000 1000,1e-06,2,0.0 0.0259,0.0 0.0,-1.0 0.0,0.00054857 28.0,30000,1000,0,0.0,0.0 0.0 0.0,1000 1000000 0,0,0.0,0,100,0,,10,,1,,,10,1.0,10.0,0.1,True,{},,,False,3,mixed,250,300,True,Ar_Aubin,,False,uniform,Argon_Aubin_Model3/10Td,1.0000000000000001e+21,7.000930000000002e+23,0.0,1.3751896635476506e-13,1.3751390240837542e-13,0.0,0.0,0.0,0.0,0.0,0.0,0.0,0.0,0.0,0.0,0.0,0.0,0.0,0.0,0.0,0.0,0.0,1.8755356998842797e-19,0.0,0.0,0.0,0.0,3.7510713997685595e-19,1.5004285599074238e-18,2.2506428398611357e-18,7.502142799537119e-19,0.0,0.0,0.0,0.0,0.0,0.0,7115.690637701239,10176.354367380098,6935.928351803559,6635.916878660319,2684.669097559902,-461.1024145567899,-2189.8036399468224,-5528.019758038929,11415.457415024099,1.1415457415024099e+24,0.0,0.0
2.50595e-05,48882.7,4.88827,1e+22,-4189.08,1354.71,7024.78,3.25443,3.2179,3.30382,-0.00241854632,0.00317086953,0.591665893,0.383343848,0.383415163,0.479425759,-0.00433157154,0.00212369707,0.000830036789,465.492335,4288.75798,2141.93644,-6511.11175,8745.8446,-8049.76345,-2240.58994,886.103472,925.989468,4700.0,48882.73769,4.888273769,-10.0,10000 1000,1e-06,2,0.0 0.0259,0.0 0.0,-1.0 0.0,0.00054857 28.0,30000,1000,0,0.0,0.0 0.0 0.0,1000 1000000 0,0,0.0,0,100,0,,10,,1,,,10,1.0,10.0,0.1,True,{},,,False,3,mixed,250,300,True,Ar_Aubin,,False,uniform,Argon_Aubin_Model3/10Td,1.0000000000000001e+21,7.02478e+23,0.0,1.3780123447759764e-13,1.3779617053120798e-13,0.0,0.0,0.0,0.0,0.0,0.0,1.8755356998842797e-19,0.0,0.0,0.0,0.0,0.0,0.0,0.0,0.0,0.0,0.0,0.0,0.0,0.0,0.0,0.0,3.7510713997685595e-19,1.8755356998842796e-18,1.1253214199305678e-18,1.5004285599074238e-18,0.0,0.0,0.0,0.0,0.0,0.0,7365.252326977803,455.36085098181445,6328.88022516614,8741.548991339014,3451.757758490273,-3230.33326382854,-432.5585797486346,2396.8720148662496,12347.956885185486,1.2347956885185487e+24,0.0,0.0
2.55927e-05,49162.7,4.91627,1e+22,7869.72,13034.7,2937.37,3.26607,3.24921,3.31589,-0.00248572735,0.00317131685,0.599204823,0.390262737,0.392253604,0.490825133,-0.00379741822,0.00238103042,0.000255369544,6953.43052,-4614.07275,-7677.5582,1874.69929,6929.37925,7437.78421,6030.35964,14544.5574,-2001.7278,4800.0,49162.653488,4.916265349,-10.0,10000 1000,1e-06,2,0.0 0.0259,0.0 0.0,-1.0 0.0,0.00054857 28.0,30000,1000,0,0.0,0.0 0.0 0.0,1000 1000000 0,0,0.0,0,100,0,,10,,1,,,10,1.0,10.0,0.1,True,{},,,False,3,mixed,250,300,True,Ar_Aubin,,False,uniform,Argon_Aubin_Model3/10Td,1.0000000000000001e+21,2.93737e+23,0.0,1.3845092004403756e-13,1.384458560976479e-13,0.0,0.0,0.0,0.0,0.0,0.0,0.0,0.0,0.0,0.0,0.0,0.0,1.8755356998842797e-19,0.0,0.0,0.0,0.0,0.0,0.0,0.0,0.0,0.0,1.8755356998842797e-19,9.377678499421398e-19,1.6879821298958517e-18,2.0630892698727074e-18,0.0,0.0,0.0,0.0,0.0,0.0,6488.00269124694,6972.992498240842,8288.403152975408,6888.042086255305,2270.7889375523982,-3761.81407093551,592.3350580728588,-6355.471238713491,14139.532353928484,1.4139532353928486e+24,0.0,0.0
2.61258e-05,49365.5,4.93655,1e+22,15455.8,3162.89,10606.5,3.23375,3.37413,3.26318,-0.00247819637,0.00271991575,0.605855408,0.398897604,0.398668065,0.501442812,-0.00346171011,0.00246122095,0.00043531339,-3375.62764,-5879.22169,-388.923105,-8749.5264,8356.5665,4866.85221,11057.6177,1026.2586,8760.98064,4900.0,49365.539249,4.936553925,-10.0,10000 1000,1e-06,2,0.0 0.0259,0.0 0.0,-1.0 0.0,0.00054857 28.0,30000,1000,0,0.0,0.0 0.0 0.0,1000 1000000 0,0,0.0,0,100,0,,10,,1,,,10,1.0,10.0,0.1,True,{},,,False,3,mixed,250,300,True,Ar_Aubin,,False,uniform,Argon_Aubin_Model3/10Td,1.0000000000000001e+21,1.0606500000000002e+24,0.0,1.396610156776029e-13,1.3965613928478323e-13,0.0,0.0,0.0,0.0,0.0,0.0,0.0,0.0,0.0,0.0,0.0,0.0,0.0,0.0,0.0,0.0,0.0,1.8755356998842797e-19,0.0,0.0,0.0,0.0,1.8755356998842797e-19,1.3128749899189957e-18,7.502142799537119e-19,2.4381964098495636e-18,0.0,0.0,0.0,0.0,0.0,0.0,8097.535717899076,-3337.325132544554,6017.769114874718,8347.963705673483,2441.3130846885915,2334.975255048,172.84821864893945,1330.9995698320054,12473.40959261497,1.2473409592614972e+24,0.0,0.0
2.6659e-05,49519.3,4.95193,1e+22,17139.6,-2500.92,11965.9,3.27339,3.3015,3.32645,-0.00213546793,0.00261673143,0.612012679,0.403912579,0.40651721,0.511641953,-0.00482226057,0.00400145223,-0.000303921377,7446.0785,-2066.03275,2233.14959,-5003.68038,5869.03482,6.79250671,8956.81224,-2985.11975,5833.75018,5000.0,49519.320751,4.951932075,-10.0,10000 1000,1e-06,2,0.0 0.0259,0.0 0.0,-1.0 0.0,0.00054857 28.0,30000,1000,0,0.0,0.0 0.0 0.0,1000 1000000 0,0,0.0,0,100,0,,10,,1,,,10,1.0,10.0,0.1,True,{},,,False,3,mixed,250,300,True,Ar_Aubin,,False,uniform,Argon_Aubin_Model3/10Td,1.0000000000000001e+21,1.1965900000000001e+24,0.0,1.400760717279873e-13,1.4007100778159763e-13,0.0,0.0,0.0,0.0,0.0,0.0,0.0,0.0,0.0,0.0,0.0,0.0,1.8755356998842797e-19,0.0,0.0,0.0,0.0,0.0,0.0,1.8755356998842797e-19,1.8755356998842797e-19,0.0,1.8755356998842797e-19,1.3128749899189957e-18,1.3128749899189957e-18,1.6879821298958517e-18,0.0,0.0,0.0,0.0,0.0,0.0,4704.36515364218,7482.679566133028,7361.192220193837,5875.579055967915,2532.3456256782874,-1489.5323356460995,2523.9760154758233,725.8621127151873,11548.18157436211,1.1548181574362112e+24,0.0,0.0
2.71922e-05,49695.7,4.96957,1e+22,3921.05,3434.14,2421.2,3.29793,3.29954,3.34147,-0.00182283215,0.00205059924,0.618449812,0.411739835,0.413397063,0.523518297,-0.00457389626,0.00346560638,0.000697633112,1582.88638,5809.12758,6765.10969,-2891.12241,5070.74107,3070.2694,2701.02833,-896.780162,2074.00255,5100.0,49695.661913,4.969566191,-10.0,10000 1000,1e-06,2,0.0 0.0259,0.0 0.0,-1.0 0.0,0.00054857 28.0,30000,1000,0,0.0,0.0 0.0 0.0,1000 1000000 0,0,0.0,0,100,0,,10,,1,,,10,1.0,10.0,0.1,True,{},,,False,3,mixed,250,300,True,Ar_Aubin,,False,uniform,Argon_Aubin_Model3/10Td,1.0000000000000001e+21,2.4212e+23,1.8755356998842793e-19,1.405963453311352e-13,1.4059146893831554e-13,0.0,0.0,0.0,0.0,0.0,0.0,0.0,0.0,0.0,0.0,0.0,0.0,0.0,0.0,0.0,0.0,0.0,1.8755356998842797e-19,1.8755356998842797e-19,0.0,0.0,0.0,0.0,2.0630892698727074e-18,1.3128749899189957e-18,9.377678499421398e-19,0.0,0.0,0.0,0.0,0.0,1.8755356998842797e-19,7341.309523626115,1590.0337960017573,6454.182844225192,5063.699025125947,3709.5219952713915,576.6118651856002,-1341.850325279462,7045.578825858979,12073.072746403264,1.2073072746403265e+24,1.5534866220722702e-23,7.746306376525191e-23
2.77254e-05,49795.0,4.9795,1e+22,5801.64,-4422.72,19039.0,3.38548,3.2006,3.37057,-0.000737623763,0.00181337664,0.624097986,0.419752293,0.420929654,0.534914525,-0.00421494384,0.00333835013,0.000941960964,2035.37936,-3320.63739,-7881.49727,-1730.97745,2759.62601,9581.55081,4143.12227,1334.98124,13413.8817,5200.0,49795.047475,4.979504747,-10.0,10000 1000,1e-06,2,0.0 0.0259,0.0 0.0,-1.0 0.0,0.00054857 28.0,30000,1000,0,0.0,0.0 0.0 0.0,1000 1000000 0,0,0.0,0,100,0,,10,,1,,,10,1.0,10.0,0.1,True,{},,,False,3,mixed,250,300,True,Ar_Aubin,,False,uniform,Argon_Aubin_Model3/10Td,1.0000000000000001e+21,1.9039000000000002e+24,0.0,1.4156149600229564e-13,1.4155661960947597e-13,0.0,0.0,0.0,0.0,0.0,0.0,0.0,0.0,0.0,0.0,0.0,0.0,0.0,0.0,0.0,0.0,0.0,0.0,0.0,0.0,0.0,0.0,5.626607099652839e-19,1.5004285599074238e-18,9.377678499421398e-19,1.8755356998842796e-18,0.0,0.0,0.0,0.0,0.0,0.0,7516.431219633986,2039.6587875283712,7064.681245585051,2767.6460671332607,4105.643143303385,1531.6801445460005,-1489.61974556673,-7345.123220673284,10593.351976158096,1.0593351976158099e+24,0.0,0.0
2.82586e-05,49847.5,4.98475,1e+22,-2554.77,10926.4,7966.96,3.36728,3.37189,3.22925,0.000673981433,0.00140734588,0.629904909,0.426254103,0.428812058,0.545063607,-0.00403632872,0.00396973032,0.00235438783,10261.6189,7135.02872,-3378.58418,-1405.45262,5340.3084,10899.8962,1512.98339,8285.75045,3585.26588,5300.0,49847.48017,4.984748017,-10.0,10000 1000,1e-06,2,0.0 0.0259,0.0 0.0,-1.0 0.0,0.00054857 28.0,30000,1000,0,0.0,0.0 0.0 0.0,1000 1000000 0,0,0.0,0,100,0,,10,,1,,,10,1.0,10.0,0.1,True,{},,,False,3,mixed,250,300,True,Ar_Aubin,,False,uniform,Argon_Aubin_Model3/10Td,1.0000000000000001e+21,7.966960000000001e+23,0.0,1.4169972298337712e-13,1.4169334616199754e-13,0.0,0.0,0.0,0.0,0.0,0.0,0.0,0.0,0.0,0.0,0.0,0.0,0.0,0.0,0.0,0.0,0.0,3.7510713997685595e-19,0.0,0.0,0.0,0.0,7.502142799537119e-19,2.2506428398611357e-18,1.5004285599074238e-18,1.5004285599074238e-18,0.0,0.0,0.0,0.0,0.0,0.0,6097.272631473848,10263.340767545586,7393.091382112765,5324.931175976768,2688.7527377737906,-1433.16133380664,-475.47367242192786,-261.70820875152344,10891.091392979051,1.0891091392979053e+24,0.0,0.0
2.87918e-05,49874.9,4.98749,1e+22,12387.4,7.86164,8087.32,3.2442,3.35143,3.37811,0.00213127562,0.00330595571,0.635069899,0.434449505,0.434103965,0.555671979,-0.00303522879,0.00510749548,0.00391240026,6479.79459,-1050.31855,6028.0529,-856.975397,10145.0494,-1575.55064,10398.2473,-2402.71231,1852.29728,5400.0,49874.949667,4.987494967,-10.0,10000 1000,1e-06,2,0.0 0.0259,0.0 0.0,-1.0 0.0,0.00054857 28.0,30000,1000,0,0.0,0.0 0.0 0.0,1000 1000000 0,0,0.0,0,100,0,,10,,1,,,10,1.0,10.0,0.1,True,{},,,False,3,mixed,250,300,True,Ar_Aubin,,False,uniform,Argon_Aubin_Model3/10Td,1.0000000000000001e+21,8.087320000000001e+23,1.8755356998842793e-19,1.4166821398361905e-13,1.4166277493008942e-13,0.0,0.0,0.0,0.0,0.0,0.0,1.8755356998842797e-19,0.0,0.0,0.0,0.0,0.0,0.0,0.0,0.0,0.0,0.0,0.0,0.0,0.0,1.8755356998842797e-19,0.0,3.7510713997685595e-19,1.8755356998842796e-18,1.6879821298958517e-18,9.377678499421398e-19,0.0,0.0,0.0,0.0,0.0,1.8755356998842797e-19,7681.550838461622,6453.393626384813,4954.188426884533,10145.023409766352,3821.2068382294187,-3283.71621558068,391.61256775277525,8542.199025180262,9687.12313454537,9.687123134545372e+23,1.936112170594702e-23,2.319106576572065e-23
2.93249e-05,50197.2,5.01972,1e+22,-1976.65,4558.35,4543.95,3.34574,3.26479,3.42865,0.00142882215,0.00426033686,0.64313396,0.441376518,0.442362793,0.568541982,-0.00297285733,0.00405402326,0.005051247,8582.84281,6522.45513,8738.22692,-9098.81626,2474.93113,5998.07486,-2999.53442,1126.53516,6920.75518,5500.0,50197.202876,5.019720288,-10.0,10000 1000,1e-06,2,0.0 0.0259,0.0 0.0,-1.0 0.0,0.00054857 28.0,30000,1000,0,0.0,0.0 0.0 0.0,1000 1000000 0,0,0.0,0,100,0,,10,,1,,,10,1.0,10.0,0.1,True,{},,,False,3,mixed,250,300,True,Ar_Aubin,,False,uniform,Argon_Aubin_Model3/10Td,1.0000000000000001e+21,4.54395e+23,0.0,1.4257728613735296e-13,1.4257203463739332e-13,0.0,0.0,0.0,0.0,0.0,0.0,0.0,0.0,0.0,0.0,0.0,0.0,0.0,0.0,0.0,0.0,0.0,0.0,0.0,3.7510713997685595e-19,0.0,0.0,0.0,1.6879821298958517e-18,1.3128749899189957e-18,1.8755356998842796e-18,0.0,0.0,0.0,0.0,0.0,0.0,6498.275260213776,8585.667091302797,7738.091635857062,2455.5110234742187,2403.01990373676,3998.386622458,-1160.7451779614262,7003.450745625507,15124.434291544543,1.5124434291544546e+24,0.0,0.0
2.98581e-05,50338.4,5.03384,1e+22,8397.87,-5356.24,14562.4,3.38918,3.34965,3.32708,0.0013190125,0.00405431561,0.649438272,0.451373692,0.452335947,0.581247805,-0.00323577225,0.00447133845,0.00492530967,2848.51694,-2686.62061,254.116659,-974.754382,2161.05649,1525.90822,11656.2644,1867.78635,10875.5294,5600.0,50338.438905,5.03384389,-10.0,10000 1000,1e-06,2,0.0 0.0259,0.0 0.0,-1.0 0.0,0.00054857 28.0,30000,1000,0,0.0,0.0 0.0 0.0,1000 1000000 0,0,0.0,0,100,0,,10,,1,,,10,1.0,10.0,0.1,True,{},,,False,3,mixed,250,300,True,Ar_Aubin,,False,uniform,Argon_Aubin_Model3/10Td,1.0000000000000001e+21,1.45624e+24,0.0,1.4377481568172908e-13,1.4376956418176944e-13,0.0,0.0,0.0,0.0,0.0,0.0,0.0,1.8755356998842797e-19,0.0,0.0,0.0,0.0,0.0,0.0,0.0,0.0,0.0,0.0,0.0,0.0,0.0,0.0,1.8755356998842797e-19,1.8755356998842796e-18,1.5004285599074238e-18,1.5004285599074238e-18,0.0,0.0,0.0,0.0,0.0,0.0,9375.31132838674,2837.440044496625,9354.109575449289,2182.7723774429064,4273.44969807214,1418.1495078271982,899.548256068415,6437.274890089359,11823.962219208925,1.1823962219208926e+24,0.0,0.0
3.03913e-05,50473.6,5.04736,1e+22,11782.9,-2331.32,9288.54,3.33254,3.36032,3.40056,0.0013996981,0.00463741707,0.656093017,0.459223085,0.459021803,0.593633964,-0.00330638208,0.0047317171,0.00399566153,2294.13991,-3609.88582,1551.5371,6618.93722,10825.1083,3799.16666,6416.6129,689.127707,10117.2898,5700.0,50473.624206,5.047362421,-10.0,10000 1000,1e-06,2,0.0 0.0259,0.0 0.0,-1.0 0.0,0.00054857 28.0,30000,1000,0,0.0,0.0 0.0 0.0,1000 1000000 0,0,0.0,0,100,0,,10,,1,,,10,1.0,10.0,0.1,True,{},,,False,3,mixed,250,300,True,Ar_Aubin,,False,uniform,Argon_Aubin_Model3/10Td,1.0000000000000001e+21,9.288540000000002e+23,0.0,1.4409478207212933e-13,1.4408896791145972e-13,0.0,0.0,0.0,0.0,0.0,0.0,0.0,0.0,0.0,0.0,0.0,0.0,0.0,0.0,0.0,0.0,0.0,0.0,0.0,1.8755356998842797e-19,1.8755356998842797e-19,0.0,3.7510713997685595e-19,1.3128749899189957e-18,1.5004285599074238e-18,2.2506428398611357e-18,0.0,0.0,0.0,0.0,0.0,0.0,7360.702687458865,2277.6474072575097,6265.028046746146,10835.919603163633,3468.035415912974,4023.1435678748203,372.6008605487306,224.47043820092586,12481.211821126337,1.248121182112634e+24,0.0,0.0
3.09245e-05,50686.1,5.06861,1e+22,2829.06,2390.96,16340.5,3.37923,3.36999,3.3864,0.00136997132,0.00689158035,0.662784952,0.466470186,0.465847512,0.605799018,-0.00363967243,0.00514819751,0.00664375234,8613.87206,-6265.66243,8859.46919,4193.82459,1828.41212,3679.20432,1057.56822,-2041.49528,19433.5323,5800.0,50686.09189,5.068609189,-10.0,10000 1000,1e-06,2,0.0 0.0259,0.0 0.0,-1.0 0.0,0.00054857 28.0,30000,1000,0,0.0,0.0 0.0 0.0,1000 1000000 0,0,0.0,0,100,0,,10,,1,,,10,1.0,10.0,0.1,True,{},,,False,3,mixed,250,300,True,Ar_Aubin,,False,uniform,Argon_Aubin_Model3/10Td,1.0000000000000001e+21,1.63405e+24,1.8755356998842793e-19,1.4486468947693183e-13,1.4485962553054217e-13,0.0,0.0,0.0,0.0,0.0,0.0,0.0,0.0,0.0,0.0,0.0,0.0,0.0,0.0,0.0,0.0,0.0,0.0,0.0,0.0,0.0,0.0,1.8755356998842797e-19,1.3128749899189957e-18,1.8755356998842796e-18,1.5004285599074238e-18,0.0,0.0,0.0,0.0,0.0,1.8755356998842797e-19,6796.175532655474,8609.996328937441,6376.559514837013,1811.9346270463639,3131.4022428781495,8603.294791843999,800.5089899126012,8019.592997340422,12550.962993805071,1.2550962993805073e+24,1.4943360926249323e-23,1.147783543884385e-23
3.14577e-05,50846.5,5.08465,1e+22,1547.66,7502.59,7277.11,3.4196,3.38479,3.36428,0.000880556084,0.00650415568,0.670063762,0.472299886,0.47376168,0.61937746,-0.00443202696,0.00420983469,0.00780207811,10517.0561,-1295.29721,4218.61258,5890.71274,1128.3883,-471.06342,4259.59461,9183.03107,6416.08567,5900.0,50846.506219,5.084650622,-10.0,10000 1000,1e-06,2,0.0 0.0259,0.0 0.0,-1.0 0.0,0.00054857 28.0,30000,1000,0,0.0,0.0 0.0 0.0,1000 1000000 0,0,0.0,0,100,0,,10,,1,,,10,1.0,10.0,0.1,True,{},,,False,3,mixed,250,300,True,Ar_Aubin,,False,uniform,Argon_Aubin_Model3/10Td,1.0000000000000001e+21,7.277110000000001e+23,0.0,1.457000530776603e-13,1.4569367625628072e-13,0.0,0.0,0.0,0.0,0.0,0.0,0.0,0.0,0.0,0.0,0.0,0.0,0.0,0.0,0.0,0.0,0.0,0.0,0.0,0.0,0.0,0.0,3.7510713997685595e-19,1.3128749899189957e-18,2.2506428398611357e-18,2.4381964098495636e-18,0.0,0.0,0.0,0.0,0.0,0.0,5467.938132079497,10515.693298571035,7426.519173236539,1079.590286636789,3635.6222859120307,1539.9579669121813,-1163.5732832367462,7434.768404618643,13651.668007674632,1.3651668007674634e+24,0.0,0.0
3.19908e-05,50806.7,5.08067,1e+22,-4961.49,-616.788,9866.91,3.35364,3.3469,3.4601,0.00208637952,0.00674350434,0.675083211,0.480730152,0.479863116,0.630051465,-0.00390768222,0.00391029494,0.00831593441,5563.33084,-3538.28156,-2855.06501,-6595.77913,-530.359457,-12144.1242,-5625.36469,3260.85349,6626.53015,6000.0,50806.745546,5.080674555,-10.0,10000 1000,1e-06,2,0.0 0.0259,0.0 0.0,-1.0 0.0,0.00054857 28.0,30000,1000,0,0.0,0.0 0.0 0.0,1000 1000000 0,0,0.0,0,100,0,,10,,1,,,10,1.0,10.0,0.1,True,{},,,False,3,mixed,250,300,True,Ar_Aubin,,False,uniform,Argon_Aubin_Model3/10Td,1.0000000000000001e+21,9.866910000000001e+23,0.0,1.4611360869948478e-13,1.4610760698524517e-13,0.0,0.0,0.0,0.0,0.0,0.0,0.0,0.0,0.0,0.0,0.0,0.0,0.0,0.0,0.0,0.0,0.0,0.0,0.0,0.0,0.0,0.0,1.8755356998842797e-19,2.6257499798379915e-18,1.5004285599074238e-18,1.6879821298958517e-18,0.0,0.0,0.0,0.0,0.0,0.0,7902.277462546117,5573.682391124685,5718.757035909029,-526.2001444451402,3678.0271348022147,-34.45513544801088,-2096.8316827291496,-5151.5972184052935,9414.155793248567,9.414155793248568e+23,0.0,0.0
3.2524e-05,50839.4,5.08394,1e+22,2194.94,-2415.0,-5720.54,3.39291,3.44558,3.32915,0.0026614818,0.00675091101,0.68171913,0.490124034,0.487305956,0.642171829,-0.00381291922,0.00341946146,0.0100307095,8380.90705,-3722.25136,-7262.86125,3272.5745,6058.92825,-2095.7063,-36.7952809,-2337.36114,-7675.75679,6100.0,50839.447856,5.083944786,-10.0,10000 1000,1e-06,2,0.0 0.0259,0.0 0.0,-1.0 0.0,0.00054857 28.0,30000,1000,0,0.0,0.0 0.0 0.0,1000 1000000 0,0,0.0,0,100,0,,10,,1,,,10,1.0,10.0,0.1,True,{},,,False,3,mixed,250,300,True,Ar_Aubin,,False,uniform,Argon_Aubin_Model3/10Td,1.0000000000000001e+21,5.7205400000000006e+23,0.0,1.4577394918423573e-13,1.457666345950062e-13,0.0,0.0,0.0,0.0,0.0,0.0,0.0,0.0,0.0,0.0,0.0,0.0,0.0,0.0,0.0,0.0,0.0,0.0,0.0,0.0,0.0,0.0,1.8755356998842797e-19,1.8755356998842796e-18,2.2506428398611357e-18,3.0008571198148476e-18,0.0,0.0,0.0,0.0,0.0,0.0,8806.719945130943,8375.065257137909,6979.562335603364,6075.23170008915,2922.7725351369886,-3775.9552380698005,-1681.861790800113,-8780.764005006027,12445.902986040264,1.2445902986040266e+24,0.0,0.0
3.30572e-05,50899.6,5.08996,1e+22,8713.72,4250.15,8772.57,3.39023,3.36251,3.42621,0.00401443601,0.00835358069,0.687894767,0.496182687,0.495746353,0.654508084,-0.00316435721,0.00343017058,0.00965030171,464.89445,3697.79629,-3260.50576,9614.34905,10748.9565,3027.28313,6016.68566,6220.02619,11504.508,6200.0,50899.586615,5.089958662,-10.0,10000 1000,1e-06,2,0.0 0.0259,0.0 0.0,-1.0 0.0,0.00054857 28.0,30000,1000,0,0.0,0.0 0.0 0.0,1000 1000000 0,0,0.0,0,100,0,,10,,1,,,10,1.0,10.0,0.1,True,{},,,False,3,mixed,250,300,True,Ar_Aubin,,False,uniform,Argon_Aubin_Model3/10Td,1.0000000000000001e+21,8.77257e+23,0.0,1.4629328501953367e-13,1.4628709575172409e-13,0.0,0.0,0.0,0.0,0.0,0.0,0.0,0.0,0.0,0.0,0.0,0.0,0.0,0.0,0.0,0.0,0.0,0.0,0.0,3.7510713997685595e-19,0.0,0.0,5.626607099652839e-19,1.8755356998842796e-18,1.1253214199305678e-18,2.0630892698727074e-18,1.8755356998842797e-19,0.0,0.0,0.0,0.0,0.0,5673.139880165809,429.9137786509428,7892.431921918256,10713.452529030397,3636.6794221592986,5469.903003858811,-1756.2841634051572,-3273.1594100114853,11582.627663026273,1.1582627663026275e+24,0.0,0.0
3.35904e-05,50897.7,5.08977,1e+22,1652.84,2950.13,-1642.6,3.4204,3.35925,3.39981,0.0038765872,0.00686567722,0.695372515,0.505074753,0.503495716,0.66846192,-0.00303496112,0.00264322721,0.00849720212,-96.1307504,-3459.76357,-6358.52758,2994.05981,3413.94608,-2814.32806,-1835.75264,1246.23748,2315.75613,6300.0,50897.723492,5.089772349,-10.0,10000 1000,1e-06,2,0.0 0.0259,0.0 0.0,-1.0 0.0,0.00054857 28.0,30000,1000,0,0.0,0.0 0.0 0.0,1000 1000000 0,0,0.0,0,100,0,,10,,1,,,10,1.0,10.0,0.1,True,{},,,False,3,mixed,250,300,True,Ar_Aubin,,False,uniform,Argon_Aubin_Model3/10Td,1.0000000000000001e+21,1.6426e+23,0.0,1.4608960184252627e-13,1.4608022416402686e-13,0.0,0.0,0.0,0.0,0.0,0.0,0.0,0.0,0.0,0.0,0.0,0.0,0.0,0.0,0.0,0.0,0.0,1.8755356998842797e-19,0.0,0.0,0.0,0.0,1.8755356998842797e-19,3.188410689803275e-18,2.8133035498264193e-18,3.0008571198148476e-18,0.0,0.0,0.0,0.0,0.0,0.0,8339.713688371481,-102.53812878764799,7288.33903182512,3393.691439662962,3385.446826273843,3457.975023139,-1352.4601160683674,-9337.252045557882,14024.783328738282,1.4024783328738282e+24,0.0,0.0
3.41236e-05,51035.0,5.1035,1e+22,-4320.28,2184.09,15857.9,3.41309,3.35013,3.44221,0.00510479408,0.00575090092,0.702547146,0.513713588,0.511508536,0.682540127,-0.00321243474,0.00193898595,0.00726330424,-658.090721,-1673.8488,8221.78743,-5525.67677,8395.89436,7231.01686,-7664.77266,6145.31918,21381.1842,6400.0,51034.959763,5.103495976,-10.0,10000 1000,1e-06,2,0.0 0.0259,0.0 0.0,-1.0 0.0,0.00054857 28.0,30000,1000,0,0.0,0.0 0.0 0.0,1000 1000000 0,0,0.0,0,100,0,,10,,1,,,10,1.0,10.0,0.1,True,{},,,False,3,mixed,250,300,True,Ar_Aubin,,False,uniform,Argon_Aubin_Model3/10Td,1.0000000000000001e+21,1.58579e+24,0.0,1.4639737725087725e-13,1.463908128759277e-13,0.0,0.0,0.0,0.0,0.0,0.0,0.0,0.0,0.0,0.0,0.0,0.0,0.0,0.0,0.0,0.0,0.0,0.0,0.0,0.0,0.0,0.0,5.626607099652839e-19,1.8755356998842796e-18,1.6879821298958517e-18,2.4381964098495636e-18,0.0,0.0,0.0,0.0,0.0,0.0,8090.87721216617,-636.0365812320576,7527.354371496374,8383.333874809638,3796.6931161086463,10240.2618134466,-2991.3436167847094,3511.263839879649,13456.276573996527,1.3456276573996528e+24,0.0,0.0
3.46567e-05,51148.6,5.11486,1e+22,-5619.2,7125.34,7757.99,3.40199,3.43148,3.39542,0.00533961386,0.00528563626,0.709226099,0.521948637,0.517785176,0.697089038,-0.00266132771,0.00324358505,0.00665876331,-944.098855,8090.98056,4086.38409,-1207.60503,1320.6293,-6351.21093,-1288.55484,3079.24106,8328.28337,6500.0,51148.550754,5.114855075,-10.0,10000 1000,1e-06,2,0.0 0.0259,0.0 0.0,-1.0 0.0,0.00054857 28.0,30000,1000,0,0.0,0.0 0.0 0.0,1000 1000000 0,0,0.0,0,100,0,,10,,1,,,10,1.0,10.0,0.1,True,{},,,False,3,mixed,250,300,True,Ar_Aubin,,False,uniform,Argon_Aubin_Model3/10Td,1.0000000000000001e+21,7.757990000000001e+23,1.8755356998842793e-19,1.470791344777852e-13,1.470729452099756e-13,0.0,0.0,0.0,0.0,0.0,0.0,0.0,0.0,0.0,0.0,0.0,0.0,0.0,0.0,0.0,0.0,0.0,0.0,0.0,0.0,0.0,0.0,5.626607099652839e-19,1.8755356998842796e-18,9.377678499421398e-19,2.6257499798379915e-18,0.0,0.0,0.0,0.0,0.0,1.8755356998842797e-19,7720.2642690056255,-914.0944967978879,5890.846551845033,1282.9673445311716,4801.131182457303,2826.1143862189892,2070.524087931797,6741.687874571058,12526.614789349183,1.2526614789349184e+24,1.4972406603250566e-23,2.4175536445448876e-23
3.51899e-05,51163.0,5.1163,1e+22,-1489.18,4360.13,7022.85,3.40041,3.37595,3.45584,0.00513746386,0.00530818884,0.715422101,0.528878556,0.522933785,0.710068841,-0.00397028612,0.00348867363,0.00737397353,8986.12118,-9292.03595,-2327.74809,5297.5272,12585.1675,7334.46771,-1174.28871,1812.93069,6750.03329,6600.0,51162.961321,5.116296132,-10.0,10000 1000,1e-06,2,0.0 0.0259,0.0 0.0,-1.0 0.0,0.00054857 28.0,30000,1000,0,0.0,0.0 0.0 0.0,1000 1000000 0,0,0.0,0,100,0,,10,,1,,,10,1.0,10.0,0.1,True,{},,,False,3,mixed,250,300,True,Ar_Aubin,,False,uniform,Argon_Aubin_Model3/10Td,1.0000000000000001e+21,7.022850000000002e+23,0.0,1.4737003006483724e-13,1.473630905827477e-13,0.0,0.0,0.0,0.0,0.0,0.0,0.0,0.0,0.0,0.0,0.0,0.0,0.0,0.0,0.0,0.0,0.0,0.0,0.0,0.0,0.0,0.0,0.0,2.4381964098495636e-18,2.8133035498264193e-18,1.6879821298958517e-18,0.0,0.0,0.0,0.0,0.0,0.0,6500.641378125803,8993.771788431035,4827.975942420992,12562.023106593051,3894.2497046064486,1725.73118799215,668.8664816663799,-2472.724153702021,11620.822947554458,1.1620822947554459e+24,0.0,0.0
3.57231e-05,51161.2,5.11612,1e+22,-13279.6,10498.0,6050.7,3.46908,3.34466,3.41667,0.00350286952,0.00482447877,0.721754335,0.536592562,0.531805404,0.72272936,-0.00533506132,0.00277105253,0.00685791406,10169.6881,-3067.59262,-10445.6149,-3883.66579,10596.0577,5760.4814,-14763.65,3870.14605,12244.0916,6700.0,51161.229895,5.11612299,-10.0,10000 1000,1e-06,2,0.0 0.0259,0.0 0.0,-1.0 0.0,0.00054857 28.0,30000,1000,0,0.0,0.0 0.0 0.0,1000 1000000 0,0,0.0,0,100,0,,10,,1,,,10,1.0,10.0,0.1,True,{},,,False,3,mixed,250,300,True,Ar_Aubin,,False,uniform,Argon_Aubin_Model3/10Td,1.0000000000000001e+21,6.0507e+23,0.0,1.4724549449436494e-13,1.4723799235156544e-13,0.0,0.0,0.0,0.0,0.0,0.0,0.0,0.0,0.0,0.0,0.0,0.0,0.0,0.0,0.0,0.0,0.0,0.0,0.0,0.0,1.8755356998842797e-19,0.0,0.0,3.188410689803275e-18,1.1253214199305678e-18,3.0008571198148476e-18,0.0,0.0,0.0,0.0,0.0,0.0,7247.191329059696,10216.20480607779,8324.115331715631,10545.41032187254,3338.4362045552966,7876.9726452155,805.7729505241201,-15645.850845538665,11876.33092702091,1.1876330927020912e+24,0.0,0.0
3.62563e-05,51074.4,5.10744,1e+22,-10812.9,-4837.29,3029.3,3.46314,3.3928,3.35807,0.00237842424,0.00574781039,0.727180395,0.541961978,0.537047764,0.734868052,-0.00574126319,0.00248610585,0.00652045975,7574.25362,1681.49733,6354.85732,-3938.5295,6787.60494,558.31818,-14901.9114,-7215.86947,8041.10104,6800.0,51074.36066,5.107436066,-10.0,10000 1000,1e-06,2,0.0 0.0259,0.0 0.0,-1.0 0.0,0.00054857 28.0,30000,1000,0,0.0,0.0 0.0 0.0,1000 1000000 0,0,0.0,0,100,0,,10,,1,,,10,1.0,10.0,0.1,True,{},,,False,3,mixed,250,300,True,Ar_Aubin,,False,uniform,Argon_Aubin_Model3/10Td,1.0000000000000001e+21,3.0293e+23,1.8755356998842793e-19,1.4721398549460687e-13,1.4720667090537737e-13,0.0,0.0,0.0,0.0,0.0,0.0,0.0,0.0,0.0,0.0,0.0,0.0,0.0,0.0,0.0,0.0,0.0,0.0,0.0,0.0,0.0,0.0,1.8755356998842797e-19,2.0630892698727074e-18,2.6257499798379915e-18,2.2506428398611357e-18,0.0,0.0,0.0,0.0,0.0,1.8755356998842797e-19,5041.467337553968,7599.971283464696,4906.962430321755,6815.408765721443,4010.5379026412375,5838.2534694265,963.5022678576207,-691.3301474547343,10176.769239714113,1.0176769239714115e+24,1.84295787366892e-23,6.191317135590002e-23
3.67895e-05,51066.9,5.10669,1e+22,13851.8,-13047.2,-6559.22,3.39168,3.3613,3.45809,0.00255467706,0.00470612481,0.732646683,0.55052892,0.544825719,0.747550172,-0.00426970156,0.00211437766,0.00516493427,4392.09794,1210.39708,2070.53488,-38.7409502,1979.55767,2672.16366,14253.9791,-14068.0778,1084.27552,6900.0,51066.863016,5.106686302,-10.0,10000 1000,1e-06,2,0.0 0.0259,0.0 0.0,-1.0 0.0,0.00054857 28.0,30000,1000,0,0.0,0.0 0.0 0.0,1000 1000000 0,0,0.0,0,100,0,,10,,1,,,10,1.0,10.0,0.1,True,{},,,False,3,mixed,250,300,True,Ar_Aubin,,False,uniform,Argon_Aubin_Model3/10Td,1.0000000000000001e+21,6.559220000000001e+23,0.0,1.4671659342699757e-13,1.4671021660561798e-13,0.0,0.0,0.0,0.0,0.0,0.0,0.0,0.0,0.0,0.0,0.0,0.0,0.0,0.0,0.0,0.0,0.0,0.0,0.0,0.0,0.0,0.0,5.626607099652839e-19,2.6257499798379915e-18,1.8755356998842796e-18,1.3128749899189957e-18,0.0,0.0,0.0,0.0,0.0,0.0,8032.987416078678,4356.711064300292,7304.128160560976,2040.9594216210319,4409.651470563843,5889.866296067261,-963.7634983700037,6192.795345286093,10252.218289849116,1.0252218289849117e+24,0.0,0.0
3.73226e-05,51041.7,5.10417,1e+22,-3353.18,7001.41,15175.3,3.38839,3.45553,3.36277,0.00295075201,0.00342294643,0.737945948,0.559569234,0.550816057,0.759495342,-0.003882294,0.00254281916,0.0046044743,-2411.88786,-10806.4075,9543.45522,-2544.86728,6787.54935,-6504.84586,-541.373444,7275.82855,9079.13794,7000.0,51041.670067,5.104167007,-10.0,10000 1000,1e-06,2,0.0 0.0259,0.0 0.0,-1.0 0.0,0.00054857 28.0,30000,1000,0,0.0,0.0 0.0 0.0,1000 1000000 0,0,0.0,0,100,0,,10,,1,,,10,1.0,10.0,0.1,True,{},,,False,3,mixed,250,300,True,Ar_Aubin,,False,uniform,Argon_Aubin_Model3/10Td,1.0000000000000001e+21,1.5175300000000001e+24,0.0,1.4686569851513838e-13,1.468593216937588e-13,0.0,0.0,0.0,0.0,0.0,0.0,1.8755356998842797e-19,0.0,0.0,0.0,0.0,0.0,0.0,0.0,0.0,0.0,0.0,1.8755356998842797e-19,0.0,1.8755356998842797e-19,0.0,0.0,1.8755356998842797e-19,1.6879821298958517e-18,1.5004285599074238e-18,2.2506428398611357e-18,0.0,0.0,0.0,0.0,1.8755356998842797e-19,0.0,8475.670961133656,-2401.993457375108,5627.3282885780745,6763.583898635534,3893.7152123610817,-2119.413204684399,229.98134744643278,11431.768822937285,9938.96069064726,9.938960690647262e+23,0.0,0.0
3.78558e-05,51037.8,5.10378,1e+22,-11900.0,2544.66,233.111,3.41744,3.37802,3.41125,0.00348289436,0.00465047703,0.743992906,0.567930013,0.556892835,0.771633647,-0.00345225603,0.00159210951,0.00632482595,-580.928395,-2914.93805,-5700.65181,-2055.41858,7947.18244,-1831.72362,-15594.8853,-1481.44886,1433.5771,7100.0,51037.778992,5.103777899,-10.0,10000 1000,1e-06,2,0.0 0.0259,0.0 0.0,-1.0 0.0,0.00054857 28.0,30000,1000,0,0.0,0.0 0.0 0.0,1000 1000000 0,0,0.0,0,100,0,,10,,1,,,10,1.0,10.0,0.1,True,{},,,False,3,mixed,250,300,True,Ar_Aubin,,False,uniform,Argon_Aubin_Model3/10Td,1.0000000000000001e+21,2.33111e+22,0.0,1.472002940839977e-13,1.4719335460190818e-13,0.0,0.0,0.0,0.0,0.0,0.0,0.0,0.0,0.0,0.0,0.0,0.0,1.8755356998842797e-19,0.0,0.0,0.0,0.0,0.0,0.0,0.0,0.0,0.0,3.7510713997685595e-19,1.5004285599074238e-18,2.0630892698727074e-18,2.8133035498264193e-18,0.0,0.0,0.0,0.0,0.0,0.0,7837.259189938877,-539.481952116,5689.313409195003,7935.348557120839,2979.3662858334537,1260.144169689434,-2559.098799197748,-12442.833429587155,11341.285604700824,1.1341285604700826e+24,0.0,0.0
3.8389e-05,51092.5,5.10925,1e+22,12588.5,-11246.1,17887.4,3.44814,3.40106,3.36586,0.00362689271,0.00523319425,0.750370994,0.575194166,0.564493876,0.78415699,-0.0024371779,0.000958103726,0.00711956075,352.269777,10477.9531,-2129.78516,-3103.45567,3986.98308,11677.4707,10100.1827,-13356.7232,17483.0112,7200.0,51092.506839,5.109250684,-10.0,10000 1000,1e-06,2,0.0 0.0259,0.0 0.0,-1.0 0.0,0.00054857 28.0,30000,1000,0,0.0,0.0 0.0 0.0,1000 1000000 0,0,0.0,0,100,0,,10,,1,,,10,1.0,10.0,0.1,True,{},,,False,3,mixed,250,300,True,Ar_Aubin,,False,uniform,Argon_Aubin_Model3/10Td,1.0000000000000001e+21,1.7887400000000005e+24,0.0,1.4727456529771314e-13,1.4726800092276356e-13,0.0,0.0,0.0,0.0,0.0,0.0,0.0,0.0,0.0,0.0,0.0,0.0,0.0,0.0,0.0,0.0,0.0,0.0,0.0,0.0,0.0,0.0,1.8755356998842797e-19,2.2506428398611357e-18,2.0630892698727074e-18,2.0630892698727074e-18,0.0,0.0,0.0,0.0,0.0,0.0,6811.129055979972,306.612638120165,7122.610909380084,4045.836105854925,2805.9500824081533,4060.8250819244004,-1433.419750041062,-1540.5233986298535,11962.331741003427,1.1962331741003428e+24,0.0,0.0
3.89222e-05,51115.4,5.11154,1e+22,-9671.83,-7544.05,396.663,3.43366,3.39675,3.39181,0.00298702942,0.00388150882,0.757354245,0.582930455,0.572223711,0.798271614,-0.00264311494,0.000729849123,0.00595811715,7059.40395,-3166.06185,2965.84273,-2764.5438,2050.06485,5312.37736,-12261.9621,-4478.3938,2049.58828,7300.0,51115.367387,5.111536739,-10.0,10000 1000,1e-06,2,0.0 0.0259,0.0 0.0,-1.0 0.0,0.00054857 28.0,30000,1000,0,0.0,0.0 0.0 0.0,1000 1000000 0,0,0.0,0,100,0,,10,,1,,,10,1.0,10.0,0.1,True,{},,,False,3,mixed,250,300,True,Ar_Aubin,,False,uniform,Argon_Aubin_Model3/10Td,1.0000000000000001e+21,3.966630000000001e+22,0.0,1.4734433522574883e-13,1.4733627042223936e-13,0.0,0.0,0.0,0.0,0.0,0.0,0.0,0.0,0.0,0.0,0.0,0.0,0.0,0.0,0.0,0.0,0.0,1.8755356998842797e-19,0.0,0.0,0.0,0.0,0.0,1.6879821298958517e-18,3.751071399768559e-18,2.2506428398611357e-18,0.0,0.0,0.0,0.0,1.8755356998842797e-19,0.0,7258.811741204206,7088.293990755238,7260.344246455214,2079.347146613521,3362.6481598442297,1749.173873115565,433.28827125716293,-1972.3027066324757,13097.336551752742,1.3097336551752742e+24,0.0,0.0
3.94554e-05,51310.7,5.13107,1e+22,-5865.68,9634.63,2677.86,3.42425,3.43655,3.40059,0.00274327947,0.00555063306,0.764239224,0.589198699,0.578544184,0.811245535,-0.00342164025,-2.00681873e-05,0.00620502065,4824.87999,8874.1817,11275.2441,24.9551966,12212.0835,-1158.60577,-3173.76872,10771.4142,4578.36807,7400.0,51310.728706,5.131072871,-10.0,10000 1000,1e-06,2,0.0 0.0259,0.0 0.0,-1.0 0.0,0.00054857 28.0,30000,1000,0,0.0,0.0 0.0 0.0,1000 1000000 0,0,0.0,0,100,0,,10,,1,,,10,1.0,10.0,0.1,True,{},,,False,3,mixed,250,300,True,Ar_Aubin,,False,uniform,Argon_Aubin_Model3/10Td,1.0000000000000001e+21,2.6778600000000004e+23,0.0,1.4777833418670206e-13,1.4777308268674242e-13,0.0,0.0,0.0,0.0,0.0,0.0,0.0,0.0,0.0,0.0,0.0,0.0,0.0,0.0,0.0,0.0,0.0,0.0,0.0,0.0,0.0,0.0,0.0,1.3128749899189957e-18,1.6879821298958517e-18,2.2506428398611357e-18,0.0,0.0,0.0,0.0,0.0,0.0,5879.46753776435,4840.97118952159,5912.37270584748,12158.605204201132,2342.3395801780894,2531.8424216193603,-1095.6873416176547,12576.911993070786,12913.023907453486,1.2913023907453486e+24,0.0,0.0
3.99885e-05,51296.4,5.12964,1e+22,-6222.25,-3443.99,16490.2,3.42257,3.36303,3.47186,0.00136700036,0.00560744812,0.769844604,0.595231777,0.588321498,0.823474956,-0.00251914275,-0.00194799775,0.00655547051,2306.92605,12225.6108,1180.98789,-5605.92723,4953.83152,-786.392517,-4132.43396,-10047.3391,16440.9983,7500.0,51296.427743,5.129642774,-10.0,10000 1000,1e-06,2,0.0 0.0259,0.0 0.0,-1.0 0.0,0.00054857 28.0,30000,1000,0,0.0,0.0 0.0 0.0,1000 1000000 0,0,0.0,0,100,0,,10,,1,,,10,1.0,10.0,0.1,True,{},,,False,3,mixed,250,300,True,Ar_Aubin,,False,uniform,Argon_Aubin_Model3/10Td,1.0000000000000001e+21,1.64902e+24,1.8755356998842793e-19,1.4759321881312348e-13,1.4758665443817393e-13,0.0,0.0,0.0,0.0,0.0,0.0,0.0,0.0,0.0,0.0,0.0,0.0,0.0,0.0,0.0,0.0,0.0,0.0,0.0,0.0,0.0,0.0,3.7510713997685595e-19,1.5004285599074238e-18,2.2506428398611357e-18,2.2506428398611357e-18,0.0,0.0,0.0,0.0,0.0,1.8755356998842797e-19,5662.931436291101,2315.4318679900102,9168.256232825526,4973.143515250798,3404.376930353289,3746.106811119198,-1657.5715191353904,1816.177407902528,10513.09030141733,1.051309030141733e+24,1.784000371072079e-23,1.137363828142945e-23
4.05217e-05,51293.1,5.12931,1e+22,-13667.8,6769.77,2621.65,3.43039,3.39049,3.43638,0.000499517578,0.00596727754,0.77560143,0.604566163,0.597368931,0.835430306,-0.00308956466,-0.00268409424,0.00668426101,-236.237918,-2146.09517,3375.05335,854.701075,11326.5768,-2848.31147,-13024.1187,7244.50545,3319.83032,7600.0,51293.081739,5.129308174,-10.0,10000 1000,1e-06,2,0.0 0.0259,0.0 0.0,-1.0 0.0,0.00054857 28.0,30000,1000,0,0.0,0.0 0.0 0.0,1000 1000000 0,0,0.0,0,100,0,,10,,1,,,10,1.0,10.0,0.1,True,{},,,False,3,mixed,250,300,True,Ar_Aubin,,False,uniform,Argon_Aubin_Model3/10Td,1.0000000000000001e+21,2.6216500000000005e+23,0.0,1.4741860643946424e-13,1.4741204206451468e-13,0.0,0.0,0.0,0.0,0.0,0.0,0.0,0.0,0.0,0.0,0.0,0.0,0.0,0.0,0.0,0.0,0.0,0.0,0.0,0.0,0.0,0.0,3.7510713997685595e-19,3.188410689803275e-18,9.377678499421398e-19,2.0630892698727074e-18,0.0,0.0,0.0,0.0,0.0,0.0,8755.005497357817,-229.4106116474116,8480.486057435583,11286.179703528034,2868.149924577023,1286.4748310404998,-133.4353380838385,950.3903146956363,10797.132681022107,1.0797132681022109e+24,0.0,0.0
4.10549e-05,51297.8,5.12978,1e+22,-4048.9,-4903.15,10859.8,3.46905,3.40978,3.37984,0.00081651966,0.00620104297,0.781413592,0.612480435,0.605269864,0.848407885,-0.00270588885,-0.00387467405,0.0076198242,20174.9908,-3757.92324,-1162.07363,1472.35016,-1506.98791,-3406.43187,817.0201,-7385.9489,7114.33939,7700.0,51297.849134,5.129784913,-10.0,10000 1000,1e-06,2,0.0 0.0259,0.0 0.0,-1.0 0.0,0.00054857 28.0,30000,1000,0,0.0,0.0 0.0 0.0,1000 1000000 0,0,0.0,0,100,0,,10,,1,,,10,1.0,10.0,0.1,True,{},,,False,3,mixed,250,300,True,Ar_Aubin,,False,uniform,Argon_Aubin_Model3/10Td,1.0000000000000001e+21,1.0859800000000002e+24,0.0,1.4804428514894565e-13,1.480377207739961e-13,0.0,0.0,0.0,0.0,0.0,0.0,0.0,0.0,0.0,0.0,0.0,0.0,0.0,0.0,0.0,0.0,0.0,0.0,0.0,0.0,0.0,0.0,5.626607099652839e-19,1.3128749899189957e-18,1.6879821298958517e-18,3.0008571198148476e-18,0.0,0.0,0.0,0.0,0.0,0.0,7421.358613168542,20178.296806451373,7406.573440654908,-1476.5832661616446,3683.510342362592,-1371.6559364016002,-2703.0085893013475,2809.944722445132,10900.91732451083,1.0900917324510833e+24,0.0,0.0
4.15881e-05,51360.3,5.13603,1e+22,-5267.03,6671.5,658.641,3.42615,3.43064,3.41485,0.00131253076,0.00549327081,0.788090638,0.621064847,0.613353261,0.863979992,-0.00115238906,-0.0033508579,0.00644336585,15913.7358,1490.81408,2168.45193,-5231.26404,10900.1999,-4901.60256,-8145.61294,7578.30158,6297.01055,7800.0,51360.279461,5.136027946,-10.0,10000 1000,1e-06,2,0.0 0.0259,0.0 0.0,-1.0 0.0,0.00054857 28.0,30000,1000,0,0.0,0.0 0.0 0.0,1000 1000000 0,0,0.0,0,100,0,,10,,1,,,10,1.0,10.0,0.1,True,{},,,False,3,mixed,250,300,True,Ar_Aubin,,False,uniform,Argon_Aubin_Model3/10Td,1.0000000000000001e+21,6.5864100000000006e+22,0.0,1.4802027829198713e-13,1.4801333880989758e-13,0.0,0.0,0.0,0.0,0.0,0.0,0.0,0.0,0.0,0.0,0.0,0.0,0.0,0.0,0.0,0.0,0.0,1.8755356998842797e-19,0.0,0.0,1.8755356998842797e-19,1.8755356998842797e-19,7.502142799537119e-19,2.2506428398611357e-18,9.377678499421398e-19,2.4381964098495636e-18,0.0,0.0,0.0,0.0,0.0,0.0,8049.1952707984265,15920.648938888844,7588.111644754559,10863.551543791085,4775.54063169496,5777.941744097042,239.0604811803004,-1827.128463507157,12523.038142769461,1.252303814276946e+24,0.0,0.0
4.21213e-05,51311.4,5.13114,1e+22,4786.98,-2246.42,11149.7,3.349,3.43919,3.47323,-0.000978663902,0.00501777573,0.794350082,0.625760126,0.623431539,0.877412215,-0.00143887191,-0.00521696056,0.00628710484,1845.44599,10153.6754,5748.27653,1507.97217,-310.094338,-1691.71228,-3463.92488,-2967.94371,11296.5108,7900.0,51311.427196,5.13114272,-10.0,10000 1000,1e-06,2,0.0 0.0259,0.0 0.0,-1.0 0.0,0.00054857 28.0,30000,1000,0,0.0,0.0 0.0 0.0,1000 1000000 0,0,0.0,0,100,0,,10,,1,,,10,1.0,10.0,0.1,True,{},,,False,3,mixed,250,300,True,Ar_Aubin,,False,uniform,Argon_Aubin_Model3/10Td,1.0000000000000001e+21,1.1149700000000002e+24,0.0,1.4778489856165164e-13,1.477768337581422e-13,0.0,0.0,0.0,0.0,0.0,0.0,0.0,0.0,0.0,0.0,0.0,0.0,0.0,0.0,0.0,0.0,0.0,0.0,0.0,0.0,0.0,1.8755356998842797e-19,5.626607099652839e-19,2.2506428398611357e-18,1.5004285599074238e-18,3.5635178297801316e-18,0.0,0.0,0.0,0.0,0.0,0.0,4403.799041941513,1850.130834525596,9455.772008863223,-298.8223062446134,3307.529647380794,2439.7456907245996,-101.85603979293221,-1507.2744966242303,11739.810683426458,1.173981068342646e+24,0.0,0.0
4.26544e-05,51326.0,5.1326,1e+22,12383.8,-5988.55,3097.17,3.42954,3.47489,3.35965,0.000102129256,0.00439679701,0.800261029,0.630385503,0.62868765,0.891036791,-0.00225712594,-0.00533011793,0.00548692684,-723.913354,-11345.0995,-3322.92055,-1201.88817,13268.0148,3822.00492,7999.42378,107.756076,8800.64717,8000.0,51326.028771,5.132602877,-10.0,10000 1000,1e-06,2,0.0 0.0259,0.0 0.0,-1.0 0.0,0.00054857 28.0,30000,1000,0,0.0,0.0 0.0 0.0,1000 1000000 0,0,0.0,0,100,0,,10,,1,,,10,1.0,10.0,0.1,True,{},,,False,3,mixed,250,300,True,Ar_Aubin,,False,uniform,Argon_Aubin_Model3/10Td,1.0000000000000001e+21,3.09717e+23,0.0,1.4778058482954192e-13,1.4777402045459236e-13,0.0,0.0,0.0,0.0,0.0,0.0,0.0,0.0,0.0,0.0,0.0,0.0,0.0,0.0,1.8755356998842797e-19,0.0,0.0,0.0,0.0,0.0,1.8755356998842797e-19,0.0,3.7510713997685595e-19,1.8755356998842796e-18,1.1253214199305678e-18,2.8133035498264193e-18,0.0,0.0,0.0,0.0,0.0,0.0,4338.418241317867,-725.1781022804528,4934.494336191115,13294.345238734237,3937.6067763741817,6322.10271881207,-1823.5630757692122,-5234.0856125980035,11086.192118623776,1.1086192118623777e+24,0.0,0.0
4.31876e-05,51468.7,5.14687,1e+22,1321.37,-5057.2,11102.6,3.35783,3.45046,3.4846,0.000834221888,0.00372260321,0.807036369,0.63688558,0.636517263,0.905761848,-0.00182722382,-0.00437287599,0.00570490496,5113.24315,-4859.32821,8948.10696,5625.66263,8199.54994,7068.18139,-8048.78402,-7466.17109,14590.1438,8100.0,51468.705357,5.146870536,-10.0,10000 1000,1e-06,2,0.0 0.0259,0.0 0.0,-1.0 0.0,0.00054857 28.0,30000,1000,0,0.0,0.0 0.0 0.0,1000 1000000 0,0,0.0,0,100,0,,10,,1,,,10,1.0,10.0,0.1,True,{},,,False,3,mixed,250,300,True,Ar_Aubin,,False,uniform,Argon_Aubin_Model3/10Td,1.0000000000000001e+21,1.1102600000000001e+24,1.8755356998842793e-19,1.4775882861542326e-13,1.4775320200832362e-13,0.0,0.0,0.0,0.0,0.0,0.0,0.0,0.0,0.0,0.0,0.0,0.0,0.0,0.0,0.0,0.0,0.0,0.0,0.0,0.0,0.0,0.0,7.502142799537119e-19,1.5004285599074238e-18,1.1253214199305678e-18,2.0630892698727074e-18,0.0,0.0,0.0,0.0,0.0,1.8755356998842797e-19,6094.920396850708,5112.140834223854,7347.492736320345,8218.375888953613,3596.4059554210603,5629.9418095406,685.9295437491579,-176.3327388392397,12707.392048853988,1.270739204885399e+24,1.4759406907992768e-23,1.6892761154002478e-23
4.37208e-05,51364.7,5.13647,1e+22,-699.496,-1071.61,5899.23,3.3904,3.41337,3.46895,0.000517701733,0.00254476266,0.812184055,0.643739549,0.64387373,0.91766737,-0.00344376347,-0.00432180059,0.00370884279,9429.33882,-1103.61856,2455.10397,-3074.9143,941.748281,-6957.34283,-4969.67123,-9398.02606,380.277455,8200.0,51364.653995,5.1364654,-10.0,10000 1000,1e-06,2,0.0 0.0259,0.0 0.0,-1.0 0.0,0.00054857 28.0,30000,1000,0,0.0,0.0 0.0 0.0,1000 1000000 0,0,0.0,0,100,0,,10,,1,,,10,1.0,10.0,0.1,True,{},,,False,3,mixed,250,300,True,Ar_Aubin,,False,uniform,Argon_Aubin_Model3/10Td,1.0000000000000001e+21,5.899230000000001e+23,0.0,1.479702014888002e-13,1.479626993460007e-13,0.0,0.0,0.0,0.0,0.0,0.0,0.0,0.0,0.0,0.0,0.0,0.0,0.0,0.0,0.0,0.0,0.0,0.0,0.0,0.0,1.8755356998842797e-19,0.0,5.626607099652839e-19,1.6879821298958517e-18,2.0630892698727074e-18,3.0008571198148476e-18,0.0,0.0,0.0,0.0,0.0,0.0,6427.83305394794,9429.700950291428,6905.580804326672,944.4752741140826,3348.097261962673,-4410.983087777649,569.8884818539618,-1949.5018038580854,9654.668864794581,9.654668864794583e+23,0.0,0.0
4.4254e-05,51264.5,5.12645,1e+22,1446.98,3386.3,17841.6,3.31026,3.49654,3.44422,0.000834170696,0.00192988912,0.816674936,0.649182514,0.649915868,0.929319306,-0.00233866226,-0.0041374178,0.00372052401,-3655.9077,-1453.53111,6666.31151,2003.77925,6911.83321,6103.20585,713.89088,11599.7103,29400.8924,8300.0,51264.526884,5.126452688,-10.0,10000 1000,1e-06,2,0.0 0.0259,0.0 0.0,-1.0 0.0,0.00054857 28.0,30000,1000,0,0.0,0.0 0.0 0.0,1000 1000000 0,0,0.0,0,100,0,,10,,1,,,10,1.0,10.0,0.1,True,{},,,False,3,mixed,250,300,True,Ar_Aubin,,False,uniform,Argon_Aubin_Model3/10Td,1.0000000000000001e+21,1.78416e+24,1.8755356998842793e-19,1.4786554659674668e-13,1.4785954488250707e-13,0.0,0.0,0.0,0.0,0.0,0.0,0.0,0.0,0.0,0.0,0.0,0.0,0.0,0.0,0.0,0.0,0.0,0.0,0.0,0.0,0.0,0.0,3.7510713997685595e-19,1.5004285599074238e-18,1.5004285599074238e-18,2.4381964098495636e-18,0.0,0.0,0.0,0.0,0.0,1.8755356998842797e-19,5103.836384205743,-3657.1147283136984,5668.702884180291,6905.298026472944,4067.027993907338,14830.104861862403,-143.28045631860124,6183.607151216967,8422.807639431912,8.422807639431914e+23,2.2267345761333062e-23,1.051214969444601e-23
